canonical_path,sha256,duplicate_source_paths,scene_id,view,physical_stack_ids,tray_counts_gt,annotation_status,split
WhatsApp Unknown 2026-07-03 at 12.08.24/WhatsApp Image 2026-07-03 at 11.56.54.jpeg,2bd09fc07625afe38c25ab44e529ed148328c001ffa2a57703e46123f6be0541,WhatsApp Unknown 2026-07-03 at 12.08.40/WhatsApp Image 2026-07-03 at 11.58.14 (1).jpeg|egg pic data/WhatsApp Image 2026-07-03 at 11.56.54 AM.jpeg|egg pic data/WhatsApp Image 2026-07-03 at 11.58.14 AM (1).jpeg,,,,,needs_stack_face_polygons,
WhatsApp Unknown 2026-07-03 at 12.08.24/WhatsApp Image 2026-07-03 at 11.56.55 (1).jpeg,aba11f5f340139f8eef9cc7070f0ef58da6104ce2555fa22e112d9f08e6eced7,WhatsApp Unknown 2026-07-03 at 12.08.40/WhatsApp Image 2026-07-03 at 11.58.13.jpeg|egg pic data/WhatsApp Image 2026-07-03 at 11.56.55 AM (1).jpeg|egg pic data/WhatsApp Image 2026-07-03 at 11.58.13 AM.jpeg,,,,,needs_stack_face_polygons,
WhatsApp Unknown 2026-07-03 at 12.08.24/WhatsApp Image 2026-07-03 at 11.56.55.jpeg,461de1ec4a17c9a3f45353f7340caed0ef4129c057d4b3e9234f4d0206b6c8c8,WhatsApp Unknown 2026-07-03 at 12.08.40/WhatsApp Image 2026-07-03 at 11.58.12 (1).jpeg|egg pic data/WhatsApp Image 2026-07-03 at 11.56.55 AM.jpeg|egg pic data/WhatsApp Image 2026-07-03 at 11.58.12 AM (1).jpeg,,,,,needs_stack_face_polygons,
WhatsApp Unknown 2026-07-03 at 12.08.24/WhatsApp Image 2026-07-03 at 11.56.56.jpeg,4fd023ddf36012939a9f8fdcc2ce75a1b56ea1c96f2f1fa3cea425acdd29d8a4,WhatsApp Unknown 2026-07-03 at 12.08.40/WhatsApp Image 2026-07-03 at 11.58.13 (1).jpeg|egg pic data/WhatsApp Image 2026-07-03 at 11.56.56 AM.jpeg|egg pic data/WhatsApp Image 2026-07-03 at 11.58.13 AM (1).jpeg,,,,,needs_stack_face_polygons,
WhatsApp Unknown 2026-07-03 at 12.08.24/WhatsApp Image 2026-07-03 at 11.56.57.jpeg,181bfbf19aa959bc0ae6e832fba40c920f6da27011109d148ac4e638fcf0eee3,WhatsApp Unknown 2026-07-03 at 12.08.40/WhatsApp Image 2026-07-03 at 11.58.13 (2).jpeg|egg pic data/WhatsApp Image 2026-07-03 at 11.56.57 AM.jpeg|egg pic data/WhatsApp Image 2026-07-03 at 11.58.13 AM (2).jpeg,,,,,needs_stack_face_polygons,
WhatsApp Unknown 2026-07-03 at 12.08.24/WhatsApp Image 2026-07-03 at 11.56.58.jpeg,db70d8595298c90bb2fa6ccd8776fdde28b4347acd71b4e05c04455167416bb3,WhatsApp Unknown 2026-07-03 at 12.08.40/WhatsApp Image 2026-07-03 at 11.58.14.jpeg|egg pic data/WhatsApp Image 2026-07-03 at 11.56.58 AM.jpeg|egg pic data/WhatsApp Image 2026-07-03 at 11.58.14 AM.jpeg,,,,,needs_stack_face_polygons,
WhatsApp Unknown 2026-07-03 at 12.08.24/WhatsApp Image 2026-07-03 at 11.56.59.jpeg,f2609a61a6e18f779175d989a4c48cc7c2c112a5491792d3c49423ca91ff147a,WhatsApp Unknown 2026-07-03 at 12.08.40/WhatsApp Image 2026-07-03 at 11.58.11.jpeg|egg pic data/WhatsApp Image 2026-07-03 at 11.56.59 AM.jpeg|egg pic data/WhatsApp Image 2026-07-03 at 11.58.11 AM.jpeg,,,,,needs_stack_face_polygons,
WhatsApp Unknown 2026-07-03 at 12.08.24/WhatsApp Image 2026-07-03 at 11.57.00.jpeg,14dbc45a33c3a27279e063b833326ebff3203ccd8b085769888d147b03f6d951,WhatsApp Unknown 2026-07-03 at 12.08.40/WhatsApp Image 2026-07-03 at 11.58.11 (1).jpeg|egg pic data/WhatsApp Image 2026-07-03 at 11.57.00 AM.jpeg|egg pic data/WhatsApp Image 2026-07-03 at 11.58.11 AM (1).jpeg,,,,,needs_stack_face_polygons,
WhatsApp Unknown 2026-07-03 at 12.08.24/WhatsApp Image 2026-07-03 at 11.57.01 (1).jpeg,16685e90ac8c0dd5b226c795dce371fb1961d894f0538a61dc12ad4e87da0eff,WhatsApp Unknown 2026-07-03 at 12.08.40/WhatsApp Image 2026-07-03 at 11.58.11 (3).jpeg|egg pic data/WhatsApp Image 2026-07-03 at 11.57.01 AM (1).jpeg|egg pic data/WhatsApp Image 2026-07-03 at 11.58.11 AM (3).jpeg,,,,,needs_stack_face_polygons,
WhatsApp Unknown 2026-07-03 at 12.08.24/WhatsApp Image 2026-07-03 at 11.57.01.jpeg,2933deddd82b91879957b6fd29ec16e81d39c7eff87661fcb2dc4b91b60de5aa,WhatsApp Unknown 2026-07-03 at 12.08.40/WhatsApp Image 2026-07-03 at 11.58.11 (2).jpeg|egg pic data/WhatsApp Image 2026-07-03 at 11.57.01 AM.jpeg|egg pic data/WhatsApp Image 2026-07-03 at 11.58.11 AM (2).jpeg,,,,,needs_stack_face_polygons,
WhatsApp Unknown 2026-07-03 at 12.08.24/WhatsApp Image 2026-07-03 at 11.57.02 (1).jpeg,47094c905ac02f9a8f143f0ea63bde38f81acce267949dfd70a715620e783a54,WhatsApp Unknown 2026-07-03 at 12.08.40/WhatsApp Image 2026-07-03 at 11.58.09.jpeg|egg pic data/WhatsApp Image 2026-07-03 at 11.57.02 AM (1).jpeg|egg pic data/WhatsApp Image 2026-07-03 at 11.58.09 AM.jpeg,,,,,needs_stack_face_polygons,
WhatsApp Unknown 2026-07-03 at 12.08.24/WhatsApp Image 2026-07-03 at 11.57.02.jpeg,a967185b72a76fe4f4edbb338fe7455117aa84d1af5fc9bfa387028958476201,WhatsApp Unknown 2026-07-03 at 12.08.40/WhatsApp Image 2026-07-03 at 11.58.12.jpeg|egg pic data/WhatsApp Image 2026-07-03 at 11.57.02 AM.jpeg|egg pic data/WhatsApp Image 2026-07-03 at 11.58.12 AM.jpeg,,,,,needs_stack_face_polygons,
WhatsApp Unknown 2026-07-03 at 12.08.24/WhatsApp Image 2026-07-03 at 11.57.04 (1).jpeg,ac7168ab2a1c8a9fc224659b8c9755a0e3bc826c00d284b22cee62e6948fc09b,WhatsApp Unknown 2026-07-03 at 12.08.40/WhatsApp Image 2026-07-03 at 11.58.10.jpeg|egg pic data/WhatsApp Image 2026-07-03 at 11.57.04 AM (1).jpeg|egg pic data/WhatsApp Image 2026-07-03 at 11.58.10 AM.jpeg,,,,,needs_stack_face_polygons,
WhatsApp Unknown 2026-07-03 at 12.08.24/WhatsApp Image 2026-07-03 at 11.57.04.jpeg,2baf200174a1b1aee3ba3248fca5764e10d23cee0107efa4f4bdcdb7825a22ec,WhatsApp Unknown 2026-07-03 at 12.08.40/WhatsApp Image 2026-07-03 at 11.58.09 (1).jpeg|egg pic data/WhatsApp Image 2026-07-03 at 11.57.04 AM.jpeg|egg pic data/WhatsApp Image 2026-07-03 at 11.58.09 AM (1).jpeg,,,,,needs_stack_face_polygons,
WhatsApp Unknown 2026-07-03 at 12.08.24/WhatsApp Image 2026-07-03 at 11.57.05.jpeg,7321fbf57a2a59fbe92f23fe897888110724355c203236897a22a490395d9571,WhatsApp Unknown 2026-07-03 at 12.08.40/WhatsApp Image 2026-07-03 at 11.58.10 (1).jpeg|egg pic data/WhatsApp Image 2026-07-03 at 11.57.05 AM.jpeg|egg pic data/WhatsApp Image 2026-07-03 at 11.58.10 AM (1).jpeg,,,,,needs_stack_face_polygons,
WhatsApp Unknown 2026-07-03 at 12.08.24/WhatsApp Image 2026-07-03 at 11.57.07.jpeg,3dc6c581ce6c0559789a5117232c4c873c3b0526b6a237eee0c830876d635cfa,egg pic data/WhatsApp Image 2026-07-03 at 11.57.07 AM.jpeg,,,,,needs_stack_face_polygons,
WhatsApp Unknown 2026-07-03 at 12.08.24/WhatsApp Image 2026-07-03 at 11.57.09 (1).jpeg,8cf21842b7f726424ebf35580487766b800b9fd914cf80bb5d6bbb1b55b463b2,egg pic data/WhatsApp Image 2026-07-03 at 11.57.09 AM (1).jpeg,,,,,needs_stack_face_polygons,
WhatsApp Unknown 2026-07-03 at 12.08.24/WhatsApp Image 2026-07-03 at 11.57.09.jpeg,ed0d24340fea7e29fba5aa1571db50be62e07df31411b690790e43e912c25cbd,egg pic data/WhatsApp Image 2026-07-03 at 11.57.09 AM.jpeg,,,,,needs_stack_face_polygons,
WhatsApp Unknown 2026-07-03 at 12.08.24/WhatsApp Image 2026-07-03 at 11.57.10 (1).jpeg,c38d3d64532861fe488cf2b4e8a5998f4eecbe4bf4a856ebeae0e0869a5aec24,egg pic data/WhatsApp Image 2026-07-03 at 11.57.10 AM (1).jpeg,,,,,needs_stack_face_polygons,
WhatsApp Unknown 2026-07-03 at 12.08.24/WhatsApp Image 2026-07-03 at 11.57.10.jpeg,5fcf798347401b5f7d9a1a68979a8979c35f04f0b29c4a1759d65bc92e76b748,egg pic data/WhatsApp Image 2026-07-03 at 11.57.10 AM.jpeg,,,,,needs_stack_face_polygons,
WhatsApp Unknown 2026-07-03 at 12.08.24/WhatsApp Image 2026-07-03 at 11.57.15.jpeg,f569a310a54a2c809c2ccac3c3b4a34849daea13ae538af26cefc094dd3d1cb8,egg pic data/WhatsApp Image 2026-07-03 at 11.57.15 AM.jpeg,,,,,needs_stack_face_polygons,
WhatsApp Unknown 2026-07-03 at 12.08.24/WhatsApp Image 2026-07-03 at 11.57.16 (1).jpeg,9b302f7044dbaf19b8d5bf9d704011d8193ae977fdffa2b40c756630e58dde6f,egg pic data/WhatsApp Image 2026-07-03 at 11.57.16 AM (1).jpeg,,,,,needs_stack_face_polygons,
WhatsApp Unknown 2026-07-03 at 12.08.24/WhatsApp Image 2026-07-03 at 11.57.16.jpeg,f2d1c674f52306c0318ab5057885503ff61db06116c1826ca3a460201da02a4b,egg pic data/WhatsApp Image 2026-07-03 at 11.57.16 AM.jpeg,,,,,needs_stack_face_polygons,
WhatsApp Unknown 2026-07-03 at 12.08.24/WhatsApp Image 2026-07-03 at 11.57.17 (1).jpeg,afad1457f95a6c0229ff338755f5976f7409fffd9dc1ea358cf23351b22848ae,egg pic data/WhatsApp Image 2026-07-03 at 11.57.17 AM (1).jpeg,,,,,needs_stack_face_polygons,
WhatsApp Unknown 2026-07-03 at 12.08.24/WhatsApp Image 2026-07-03 at 11.57.17 (2).jpeg,fb5bd22bfe8d1b3da1714ad9f1ef9f90330d562d6bd499bb6005446886506e66,egg pic data/WhatsApp Image 2026-07-03 at 11.57.17 AM (2).jpeg,,,,,needs_stack_face_polygons,
WhatsApp Unknown 2026-07-03 at 12.08.24/WhatsApp Image 2026-07-03 at 11.57.17.jpeg,9aa85d992c70e74dc8c90ab1c40854b5b7086e6b2a859632700b98eedaadd4ad,egg pic data/WhatsApp Image 2026-07-03 at 11.57.17 AM.jpeg,,,,,needs_stack_face_polygons,
WhatsApp Unknown 2026-07-03 at 12.08.24/WhatsApp Image 2026-07-03 at 11.57.18 (1).jpeg,b7c244ddfb384f38447ef5ed7b3b6f21edc00299523061090a1de72ae215d9d8,egg pic data/WhatsApp Image 2026-07-03 at 11.57.18 AM (1).jpeg,,,,,needs_stack_face_polygons,
WhatsApp Unknown 2026-07-03 at 12.08.24/WhatsApp Image 2026-07-03 at 11.57.18 (2).jpeg,bd2ba34e77d6cda94ed982d678590d9a5a0bde5a9b684dbaec0591ffa6ca0970,egg pic data/WhatsApp Image 2026-07-03 at 11.57.18 AM (2).jpeg,,,,,needs_stack_face_polygons,
WhatsApp Unknown 2026-07-03 at 12.08.24/WhatsApp Image 2026-07-03 at 11.57.18.jpeg,19a80c859f22731ea2c0903dfa67b7868b107bd251fb01d95666e9594832f333,egg pic data/WhatsApp Image 2026-07-03 at 11.57.18 AM.jpeg,,,,,needs_stack_face_polygons,
WhatsApp Unknown 2026-07-03 at 12.08.24/WhatsApp Image 2026-07-03 at 11.57.19 (1).jpeg,81ac73682b86c8f9caa46f6307c4aa36b33b485146e5b01c58e26afb7f135cd0,egg pic data/WhatsApp Image 2026-07-03 at 11.57.19 AM (1).jpeg,,,,,needs_stack_face_polygons,
WhatsApp Unknown 2026-07-03 at 12.08.24/WhatsApp Image 2026-07-03 at 11.57.19.jpeg,18b1cbf3c2208ade5859abc8684dd72e6b0b2fec4313c3d9f36b80413193877f,egg pic data/WhatsApp Image 2026-07-03 at 11.57.19 AM.jpeg,,,,,needs_stack_face_polygons,
WhatsApp Unknown 2026-07-03 at 12.08.24/WhatsApp Image 2026-07-03 at 11.57.20 (1).jpeg,bf7d3aa689630a67069e25cc8f271d503390ecbb7fc71893d4869b059c8d4538,egg pic data/WhatsApp Image 2026-07-03 at 11.57.20 AM (1).jpeg,,,,,needs_stack_face_polygons,
WhatsApp Unknown 2026-07-03 at 12.08.24/WhatsApp Image 2026-07-03 at 11.57.20 (2).jpeg,c0787e5dfab960ca142539c052860a0f8b8e8814b6eb95cc9b6daa03f2c1e1c8,egg pic data/WhatsApp Image 2026-07-03 at 11.57.20 AM (2).jpeg,,,,,needs_stack_face_polygons,
WhatsApp Unknown 2026-07-03 at 12.08.24/WhatsApp Image 2026-07-03 at 11.57.20.jpeg,a1843591fc331694b11f7b2f2a81d4705839bb08d27bb589fb82cac81c01fa57,egg pic data/WhatsApp Image 2026-07-03 at 11.57.20 AM.jpeg,,,,,needs_stack_face_polygons,
WhatsApp Unknown 2026-07-03 at 12.08.24/WhatsApp Image 2026-07-03 at 11.57.21.jpeg,a63e3532c9850d20b4c2b18b3ed3404ff55f83536cfa99175c688f136999497c,egg pic data/WhatsApp Image 2026-07-03 at 11.57.21 AM.jpeg,,,,,needs_stack_face_polygons,
WhatsApp Unknown 2026-07-03 at 12.08.24/WhatsApp Image 2026-07-03 at 11.57.22.jpeg,9013d731f883691181d5df98ae33f9a6620e11c96f23fba13994379308512e9f,egg pic data/WhatsApp Image 2026-07-03 at 11.57.22 AM.jpeg,,,,,needs_stack_face_polygons,
WhatsApp Unknown 2026-07-03 at 12.08.24/WhatsApp Image 2026-07-03 at 11.57.23 (1).jpeg,8fef545c4310734d2ad92cd8b32013b599909fa99a64e5d827502d6798ae8e4a,egg pic data/WhatsApp Image 2026-07-03 at 11.57.23 AM (1).jpeg,,,,,needs_stack_face_polygons,
WhatsApp Unknown 2026-07-03 at 12.08.24/WhatsApp Image 2026-07-03 at 11.57.23.jpeg,590d04ebc340cf3b9cb4e614a9317c37ff8ad0e224f6da71ee86b8dcad644575,egg pic data/WhatsApp Image 2026-07-03 at 11.57.23 AM.jpeg,,,,,needs_stack_face_polygons,
WhatsApp Unknown 2026-07-03 at 12.08.24/WhatsApp Image 2026-07-03 at 11.57.24.jpeg,acd414b890f6477bce50f5d0bf01c1254f6a26f73c454909d19ebbc54ee88504,egg pic data/WhatsApp Image 2026-07-03 at 11.57.24 AM.jpeg,,,,,needs_stack_face_polygons,
WhatsApp Unknown 2026-07-03 at 12.08.24/WhatsApp Image 2026-07-03 at 11.57.25.jpeg,1bc3d3158b4aef2b3dd36417709a1cb825f7089e231c1c63b83112970a30a0c2,egg pic data/WhatsApp Image 2026-07-03 at 11.57.25 AM.jpeg,,,,,needs_stack_face_polygons,
WhatsApp Unknown 2026-07-03 at 12.08.24/WhatsApp Image 2026-07-03 at 11.57.26 (1).jpeg,4983b4fb0dedac2bfc214836c98d909758d5d3c026d617cb8c8eb631a2e095d6,egg pic data/WhatsApp Image 2026-07-03 at 11.57.26 AM (1).jpeg,,,,,needs_stack_face_polygons,
WhatsApp Unknown 2026-07-03 at 12.08.24/WhatsApp Image 2026-07-03 at 11.57.26.jpeg,659781ccbc01a52b730241e499792685bbba25645f3539de7205a0624e1b18aa,egg pic data/WhatsApp Image 2026-07-03 at 11.57.26 AM.jpeg,,,,,needs_stack_face_polygons,
WhatsApp Unknown 2026-07-03 at 12.08.24/WhatsApp Image 2026-07-03 at 11.57.28 (1).jpeg,91faf9ffb18cc8964721a85754ac8b810104ed72ff9f8cbe203ab51b034595db,egg pic data/WhatsApp Image 2026-07-03 at 11.57.28 AM (1).jpeg,,,,,needs_stack_face_polygons,
WhatsApp Unknown 2026-07-03 at 12.08.24/WhatsApp Image 2026-07-03 at 11.57.28 (2).jpeg,dae97eb5ef4b3cb84c15914a8563115aeb3a69c14bcd15aaa875bc290d5d6ffb,egg pic data/WhatsApp Image 2026-07-03 at 11.57.28 AM (2).jpeg,,,,,needs_stack_face_polygons,
WhatsApp Unknown 2026-07-03 at 12.08.24/WhatsApp Image 2026-07-03 at 11.57.28.jpeg,1b9d5bee9e2770accd59e3d2001e51582e966a0546973ee1bc7b00b4b22075e8,egg pic data/WhatsApp Image 2026-07-03 at 11.57.28 AM.jpeg,,,,,needs_stack_face_polygons,
WhatsApp Unknown 2026-07-03 at 12.08.24/WhatsApp Image 2026-07-03 at 11.57.30 (1).jpeg,fd24cbeb3d9dfd8a3882581cfc4c2da88e2fcffa960eba2efeca783f00b79c9f,egg pic data/WhatsApp Image 2026-07-03 at 11.57.30 AM (1).jpeg,,,,,needs_stack_face_polygons,
WhatsApp Unknown 2026-07-03 at 12.08.24/WhatsApp Image 2026-07-03 at 11.57.30.jpeg,66791c6e0e521ebb16527dd3d35e1d71a4cb8ed677d6b21b8c9da8fbf63efa70,egg pic data/WhatsApp Image 2026-07-03 at 11.57.30 AM.jpeg,,,,,needs_stack_face_polygons,
WhatsApp Unknown 2026-07-03 at 12.08.24/WhatsApp Image 2026-07-03 at 11.57.31.jpeg,78cc2f94596b1e76295e051d62d1c5b3d02f2f8c27913c654372483192c82958,egg pic data/WhatsApp Image 2026-07-03 at 11.57.31 AM.jpeg,,,,,needs_stack_face_polygons,
WhatsApp Unknown 2026-07-03 at 12.08.24/WhatsApp Image 2026-07-03 at 11.57.32 (1).jpeg,3569ca230ac9808eaf774e3e0a94c5069f1bae8abf4fbc243be1ca2b5fdd6a4e,egg pic data/WhatsApp Image 2026-07-03 at 11.57.32 AM (1).jpeg,,,,,needs_stack_face_polygons,
WhatsApp Unknown 2026-07-03 at 12.08.24/WhatsApp Image 2026-07-03 at 11.57.32.jpeg,09e8555bb6eaa8cdcf9bdb3a693655fdfd14656005f3d74ef76746f773d37cac,egg pic data/WhatsApp Image 2026-07-03 at 11.57.32 AM.jpeg,,,,,needs_stack_face_polygons,
WhatsApp Unknown 2026-07-03 at 12.08.24/WhatsApp Image 2026-07-03 at 11.57.34.jpeg,643d98100db699cf7b5d533d280aa97334a7ba419f29889d7364b132b4242875,egg pic data/WhatsApp Image 2026-07-03 at 11.57.34 AM.jpeg,,,,,needs_stack_face_polygons,
WhatsApp Unknown 2026-07-03 at 12.08.24/WhatsApp Image 2026-07-03 at 11.57.35 (1).jpeg,49a1285620d4d7e3f93a46329cbf1e946cbf34e810e78e0076aff7c95cc0e522,egg pic data/WhatsApp Image 2026-07-03 at 11.57.35 AM (1).jpeg,,,,,needs_stack_face_polygons,
WhatsApp Unknown 2026-07-03 at 12.08.24/WhatsApp Image 2026-07-03 at 11.57.35.jpeg,8b866324b4890646cd22ad88101f47cc5ed56058b577c0ffac02eec6e037a904,egg pic data/WhatsApp Image 2026-07-03 at 11.57.35 AM.jpeg,,,,,needs_stack_face_polygons,
WhatsApp Unknown 2026-07-03 at 12.08.24/WhatsApp Image 2026-07-03 at 11.57.36.jpeg,f3282956d968400ce804c2dbc79b0faf309a49f139b6303b4bff7b5767fc88a6,egg pic data/WhatsApp Image 2026-07-03 at 11.57.36 AM.jpeg,,,,,needs_stack_face_polygons,
WhatsApp Unknown 2026-07-03 at 12.08.24/WhatsApp Image 2026-07-03 at 11.57.37 (1).jpeg,ff170883a4fea75fcb65f35b0559ebe923d8a326728d8bd6cf3582c74d48364f,egg pic data/WhatsApp Image 2026-07-03 at 11.57.37 AM (1).jpeg,,,,,needs_stack_face_polygons,
WhatsApp Unknown 2026-07-03 at 12.08.24/WhatsApp Image 2026-07-03 at 11.57.37.jpeg,a0eaf3b3a056decfaca14aab10871e7487ea61545f6c73f66cea4036a69f25c2,egg pic data/WhatsApp Image 2026-07-03 at 11.57.37 AM.jpeg,,,,,needs_stack_face_polygons,
WhatsApp Unknown 2026-07-03 at 12.08.24/WhatsApp Image 2026-07-03 at 11.57.38.jpeg,ebad10b14d6ec2c6b534aecbe65dea3d9bd598bcd9845da6efd831b8ca334bfd,egg pic data/WhatsApp Image 2026-07-03 at 11.57.38 AM.jpeg,,,,,needs_stack_face_polygons,
WhatsApp Unknown 2026-07-03 at 12.08.24/WhatsApp Image 2026-07-03 at 11.57.39.jpeg,289ee19cd9bdc38b068d072cb14d6d22c5d865c32ebc223dc19bebc210e9eee7,egg pic data/WhatsApp Image 2026-07-03 at 11.57.39 AM.jpeg,,,,,needs_stack_face_polygons,
WhatsApp Unknown 2026-07-03 at 12.08.24/WhatsApp Image 2026-07-03 at 11.57.40 (1).jpeg,2fc84472eedcd5606eb6c771bad3525e35403853ccbab4928126967f2257dfd9,egg pic data/WhatsApp Image 2026-07-03 at 11.57.40 AM (1).jpeg,,,,,needs_stack_face_polygons,
WhatsApp Unknown 2026-07-03 at 12.08.24/WhatsApp Image 2026-07-03 at 11.57.40.jpeg,3ce257f6a472522203b5d7b6cfb224ed7e943e2630d7faeb4bb01735893bb278,egg pic data/WhatsApp Image 2026-07-03 at 11.57.40 AM.jpeg,,,,,needs_stack_face_polygons,
WhatsApp Unknown 2026-07-03 at 12.08.24/WhatsApp Image 2026-07-03 at 11.57.41 (1).jpeg,3d1b17fec0e135d3a3ff47d8090cd1b77bf8b527d5cfa4954e4e7b63e389b95c,egg pic data/WhatsApp Image 2026-07-03 at 11.57.41 AM (1).jpeg,,,,,needs_stack_face_polygons,
WhatsApp Unknown 2026-07-03 at 12.08.24/WhatsApp Image 2026-07-03 at 11.57.41.jpeg,d6d9170a56be1de6082a8c4d5cb1255a8074e0b4a9764d20b5961f7cb9989d14,egg pic data/WhatsApp Image 2026-07-03 at 11.57.41 AM.jpeg,,,,,needs_stack_face_polygons,
WhatsApp Unknown 2026-07-03 at 12.08.24/WhatsApp Image 2026-07-03 at 11.57.43 (1).jpeg,ba00c5508b9b05251661049479988de607aca16f97adb311649b56f3a24daace,egg pic data/WhatsApp Image 2026-07-03 at 11.57.43 AM (1).jpeg,,,,,needs_stack_face_polygons,
WhatsApp Unknown 2026-07-03 at 12.08.24/WhatsApp Image 2026-07-03 at 11.57.43.jpeg,44750c27919492f761b995eddf19c3664f707e274d3cd11a7edd1e317db25614,egg pic data/WhatsApp Image 2026-07-03 at 11.57.43 AM.jpeg,,,,,needs_stack_face_polygons,
WhatsApp Unknown 2026-07-03 at 12.08.24/WhatsApp Image 2026-07-03 at 11.57.45 (1).jpeg,66248568c8810c7503e42a2b6a7e6ee7f7df527f275db763ada51c2520742004,egg pic data/WhatsApp Image 2026-07-03 at 11.57.45 AM (1).jpeg,,,,,needs_stack_face_polygons,
WhatsApp Unknown 2026-07-03 at 12.08.24/WhatsApp Image 2026-07-03 at 11.57.45.jpeg,ad49a80370767f51a38bf570c4821c59adaa18c5572d70082712864aac1748fd,egg pic data/WhatsApp Image 2026-07-03 at 11.57.45 AM.jpeg,,,,,needs_stack_face_polygons,
WhatsApp Unknown 2026-07-03 at 12.08.24/WhatsApp Image 2026-07-03 at 11.57.46.jpeg,184b8cb03bfe570e81385a15d6bf3f5a007dffd1ab2b52a729a6089c181f0bfe,egg pic data/WhatsApp Image 2026-07-03 at 11.57.46 AM.jpeg,,,,,needs_stack_face_polygons,
WhatsApp Unknown 2026-07-03 at 12.08.24/WhatsApp Image 2026-07-03 at 11.57.47 (1).jpeg,883f7f4e977674b5b50a62c2de0f191e4242a3438e1d8e4a82f6ef684670dd2a,egg pic data/WhatsApp Image 2026-07-03 at 11.57.47 AM (1).jpeg,,,,,needs_stack_face_polygons,
WhatsApp Unknown 2026-07-03 at 12.08.24/WhatsApp Image 2026-07-03 at 11.57.47.jpeg,21fab614bf7ec2361ba2a86d860558c49382e3e2f35973082bff7b07fc890825,egg pic data/WhatsApp Image 2026-07-03 at 11.57.47 AM.jpeg,,,,,needs_stack_face_polygons,
WhatsApp Unknown 2026-07-03 at 12.08.24/WhatsApp Image 2026-07-03 at 11.57.48.jpeg,6276d83d1cc3637aacb1790ce71384a0d61c7f9f61b9d4ec8a8cc0c72a4f2957,egg pic data/WhatsApp Image 2026-07-03 at 11.57.48 AM.jpeg,,,,,needs_stack_face_polygons,
WhatsApp Unknown 2026-07-03 at 12.08.24/WhatsApp Image 2026-07-03 at 11.57.49 (1).jpeg,864c726370166526d1fafbecd0b0105e913b13120d6153631dfbb89f89afc555,egg pic data/WhatsApp Image 2026-07-03 at 11.57.49 AM (1).jpeg,,,,,needs_stack_face_polygons,
WhatsApp Unknown 2026-07-03 at 12.08.24/WhatsApp Image 2026-07-03 at 11.57.49.jpeg,9309ab845fa53d05c79d9b137bfaba15918e4e96cc8e3d4d5f9c43d057bfa392,egg pic data/WhatsApp Image 2026-07-03 at 11.57.49 AM.jpeg,,,,,needs_stack_face_polygons,
WhatsApp Unknown 2026-07-03 at 12.08.24/WhatsApp Image 2026-07-03 at 11.57.50.jpeg,1ee2485148239d37ef1593a3c1d20770a49960e2088413670f89046ab45a8c7e,egg pic data/WhatsApp Image 2026-07-03 at 11.57.50 AM.jpeg,,,,,needs_stack_face_polygons,
WhatsApp Unknown 2026-07-03 at 12.08.24/WhatsApp Image 2026-07-03 at 11.57.51.jpeg,74f6ea822fd3576185b9c03ac8fb71052e1d2362aceae2ca7d005462999df6a6,egg pic data/WhatsApp Image 2026-07-03 at 11.57.51 AM.jpeg,,,,,needs_stack_face_polygons,
WhatsApp Unknown 2026-07-03 at 12.08.24/WhatsApp Image 2026-07-03 at 11.57.52 (1).jpeg,41a1e5bfcf14ef8ed43e48f1bd4f70fe74d1ec81c877cfd306cb27d62891977b,egg pic data/WhatsApp Image 2026-07-03 at 11.57.52 AM (1).jpeg,,,,,needs_stack_face_polygons,
WhatsApp Unknown 2026-07-03 at 12.08.24/WhatsApp Image 2026-07-03 at 11.57.52.jpeg,4d6a61d9803eff084d8d26dbc214a295354f969973d9263bfab132c3019d9f2c,egg pic data/WhatsApp Image 2026-07-03 at 11.57.52 AM.jpeg,,,,,needs_stack_face_polygons,
WhatsApp Unknown 2026-07-03 at 12.08.24/WhatsApp Image 2026-07-03 at 11.57.53.jpeg,e1eb6a7a7474bd38fcfd1705e5d4ca0c4805ab0f52a63720beab54790dc94be3,egg pic data/WhatsApp Image 2026-07-03 at 11.57.53 AM.jpeg,,,,,needs_stack_face_polygons,
WhatsApp Unknown 2026-07-03 at 12.08.24/WhatsApp Image 2026-07-03 at 11.57.54 (1).jpeg,dee13c08225cdc3360afd8e9e512058a11029be5b631d983c1768e9708e4c4cf,egg pic data/WhatsApp Image 2026-07-03 at 11.57.54 AM (1).jpeg,,,,,needs_stack_face_polygons,
WhatsApp Unknown 2026-07-03 at 12.08.24/WhatsApp Image 2026-07-03 at 11.57.54.jpeg,2c79c778e8d167aea1ecfc0ee1a74cdc227e0ef6635e7bbc13bcbe2105e0f7f0,egg pic data/WhatsApp Image 2026-07-03 at 11.57.54 AM.jpeg,,,,,needs_stack_face_polygons,
WhatsApp Unknown 2026-07-03 at 12.08.24/WhatsApp Image 2026-07-03 at 11.57.55.jpeg,72bdad0cde71f66ba96c5616980ae580a72106455c4512041740d57a1274722a,egg pic data/WhatsApp Image 2026-07-03 at 11.57.55 AM.jpeg,,,,,needs_stack_face_polygons,
WhatsApp Unknown 2026-07-03 at 12.08.24/WhatsApp Image 2026-07-03 at 11.57.56 (1).jpeg,c0f7fb5ec5fd816224f463e863f0db2c1ecf033441e6cb229c1b895c7e82f9bf,egg pic data/WhatsApp Image 2026-07-03 at 11.57.56 AM (1).jpeg,,,,,needs_stack_face_polygons,
WhatsApp Unknown 2026-07-03 at 12.08.24/WhatsApp Image 2026-07-03 at 11.57.56.jpeg,65b0d1a861d5a8b7bf23a51cf665c57e28841f164d241f67f51b36faa471c4b7,egg pic data/WhatsApp Image 2026-07-03 at 11.57.56 AM.jpeg,,,,,needs_stack_face_polygons,
WhatsApp Unknown 2026-07-03 at 12.08.24/WhatsApp Image 2026-07-03 at 11.57.57.jpeg,84ee0ad41415603ead66c179503943eca2c5292d716e0a6c3e03614680c3606d,egg pic data/WhatsApp Image 2026-07-03 at 11.57.57 AM.jpeg,,,,,needs_stack_face_polygons,
WhatsApp Unknown 2026-07-03 at 12.08.24/WhatsApp Image 2026-07-03 at 11.57.58.jpeg,8fa03876c20d362cde94cee1b269e336815eac53c49bc96eeadd7c44187ca4eb,egg pic data/WhatsApp Image 2026-07-03 at 11.57.58 AM.jpeg,,,,,needs_stack_face_polygons,
WhatsApp Unknown 2026-07-03 at 12.08.24/WhatsApp Image 2026-07-03 at 11.57.59.jpeg,f3da9b0911fa73460e6d25e969e854888e4b40377d8d70b07ed8d1ac42343ee4,egg pic data/WhatsApp Image 2026-07-03 at 11.57.59 AM.jpeg,,,,,needs_stack_face_polygons,
WhatsApp Unknown 2026-07-03 at 12.08.24/WhatsApp Image 2026-07-03 at 11.58.00 (1).jpeg,f6ab7d54c2a36c747ca86e557de7bf0d033f7336d23a18ad37da7d809575cd04,egg pic data/WhatsApp Image 2026-07-03 at 11.58.00 AM (1).jpeg,,,,,needs_stack_face_polygons,
WhatsApp Unknown 2026-07-03 at 12.08.24/WhatsApp Image 2026-07-03 at 11.58.00 (2).jpeg,3eef594bf505b0f40ab1fb9c015a5c45df8ab20912f4d37457633c7c02a2f645,egg pic data/WhatsApp Image 2026-07-03 at 11.58.00 AM (2).jpeg,,,,,needs_stack_face_polygons,
WhatsApp Unknown 2026-07-03 at 12.08.24/WhatsApp Image 2026-07-03 at 11.58.00.jpeg,dc5f5274e2356215646d7f354b3ff3d91c614e6f8aae2ea06931a73584ef1270,egg pic data/WhatsApp Image 2026-07-03 at 11.58.00 AM.jpeg,,,,,needs_stack_face_polygons,
WhatsApp Unknown 2026-07-03 at 12.08.24/WhatsApp Image 2026-07-03 at 11.58.02.jpeg,e8a2c35734ebe07438c7a1517039784f1f06d49ee60b656731eacac38bc290ed,egg pic data/WhatsApp Image 2026-07-03 at 11.58.02 AM.jpeg,,,,,needs_stack_face_polygons,
WhatsApp Unknown 2026-07-03 at 12.08.24/WhatsApp Image 2026-07-03 at 11.58.03 (1).jpeg,93cdb2e21bde0b4f45252e79d47ac2d615a42d8d37f2bf4ff21020ff35b02940,egg pic data/WhatsApp Image 2026-07-03 at 11.58.03 AM (1).jpeg,,,,,needs_stack_face_polygons,
WhatsApp Unknown 2026-07-03 at 12.08.24/WhatsApp Image 2026-07-03 at 11.58.03.jpeg,5448c99fcbc14c65dc9d7d2677ef9ed35562a4240eccbf0efce45f6c9731682c,egg pic data/WhatsApp Image 2026-07-03 at 11.58.03 AM.jpeg,,,,,needs_stack_face_polygons,
WhatsApp Unknown 2026-07-03 at 12.08.24/WhatsApp Image 2026-07-03 at 11.58.05 (1).jpeg,fd9322c7542a5246096800e80cd1b637db2f732294d0abd0a64a43df8b79c21d,egg pic data/WhatsApp Image 2026-07-03 at 11.58.05 AM (1).jpeg,,,,,needs_stack_face_polygons,
WhatsApp Unknown 2026-07-03 at 12.08.24/WhatsApp Image 2026-07-03 at 11.58.05.jpeg,8a2efc4b370fa8dcb92d732b624ad246ab5869e188d1f34b8da00b0b08855677,egg pic data/WhatsApp Image 2026-07-03 at 11.58.05 AM.jpeg,,,,,needs_stack_face_polygons,
WhatsApp Unknown 2026-07-03 at 12.08.24/WhatsApp Image 2026-07-03 at 11.58.06 (1).jpeg,c5a044f7cd9795d10a41f3284604499b63de1c08907ca2fa07b85ff455c8488d,egg pic data/WhatsApp Image 2026-07-03 at 11.58.06 AM (1).jpeg,,,,,needs_stack_face_polygons,
WhatsApp Unknown 2026-07-03 at 12.08.24/WhatsApp Image 2026-07-03 at 11.58.06.jpeg,1d8e2340f59563a59d2ceeb5e4f448f046e43ad510908092409a317aa4d233d0,egg pic data/WhatsApp Image 2026-07-03 at 11.58.06 AM.jpeg,,,,,needs_stack_face_polygons,
WhatsApp Unknown 2026-07-03 at 12.08.24/WhatsApp Image 2026-07-03 at 11.58.07.jpeg,c24fc6ebb913dcf947945d972ec60ddc1537fd7d57384e0b32338e232c712885,egg pic data/WhatsApp Image 2026-07-03 at 11.58.07 AM.jpeg,,,,,needs_stack_face_polygons,
WhatsApp Unknown 2026-07-03 at 12.08.24/WhatsApp Image 2026-07-03 at 11.58.08 (1).jpeg,603d87cb8fb65fc972ceac8b52b404d6ecebf57e998f7af15b7ed8c244f3e830,egg pic data/WhatsApp Image 2026-07-03 at 11.58.08 AM (1).jpeg,,,,,needs_stack_face_polygons,
WhatsApp Unknown 2026-07-03 at 12.08.24/WhatsApp Image 2026-07-03 at 11.58.08 (2).jpeg,26edca8a75a9d380e018712054d1853b4843fc8f8ddef946b282469e52487e93,egg pic data/WhatsApp Image 2026-07-03 at 11.58.08 AM (2).jpeg,,,,,needs_stack_face_polygons,
WhatsApp Unknown 2026-07-03 at 12.08.24/WhatsApp Image 2026-07-03 at 11.58.08.jpeg,ed4d43e8d96da5916234dfb5541df4517b0c1cfac00ce64d1b869b260a2b8128,egg pic data/WhatsApp Image 2026-07-03 at 11.58.08 AM.jpeg,,,,,needs_stack_face_polygons,
WhatsApp Unknown 2026-07-03 at 12.08.40/WhatsApp Image 2026-07-03 at 11.58.17.jpeg,3a8b0ac26a41060e5808b6a38f9cfb24e7074ed98a76a2afc319c6303379ea76,egg pic data/WhatsApp Image 2026-07-03 at 11.58.17 AM.jpeg,,,,,needs_stack_face_polygons,
WhatsApp Unknown 2026-07-03 at 12.08.40/WhatsApp Image 2026-07-03 at 11.58.18 (1).jpeg,0da66d5ec36ed76b48d469161de67fd63b57af4e14666db209282eea19c24507,egg pic data/WhatsApp Image 2026-07-03 at 11.58.18 AM (1).jpeg,,,,,needs_stack_face_polygons,
WhatsApp Unknown 2026-07-03 at 12.08.40/WhatsApp Image 2026-07-03 at 11.58.18.jpeg,6c89939d78d3057b4674de0fd5ad5b5d86830e070e0bca0bbdb376f99384d2d0,egg pic data/WhatsApp Image 2026-07-03 at 11.58.18 AM.jpeg,,,,,needs_stack_face_polygons,
WhatsApp Unknown 2026-07-03 at 12.08.40/WhatsApp Image 2026-07-03 at 11.58.19.jpeg,18d412ffab239180a7fc0111b9647fb7336ae7c1f37a5454a4858a582f11cbf5,egg pic data/WhatsApp Image 2026-07-03 at 11.58.19 AM.jpeg,,,,,needs_stack_face_polygons,
WhatsApp Unknown 2026-07-03 at 12.08.40/WhatsApp Image 2026-07-03 at 11.58.20.jpeg,abe6a88caa676a38b8d7328e3160ff19a785ef7f6f30f8d3d423f662b77c112c,egg pic data/WhatsApp Image 2026-07-03 at 11.58.20 AM.jpeg,,,,,needs_stack_face_polygons,
WhatsApp Unknown 2026-07-03 at 12.08.40/WhatsApp Image 2026-07-03 at 11.58.22 (1).jpeg,a2716eab9b66aa79ee0f534eeef1a0d02de1f4e194f34b0b3ab92c831e4970fb,egg pic data/WhatsApp Image 2026-07-03 at 11.58.22 AM (1).jpeg,,,,,needs_stack_face_polygons,
WhatsApp Unknown 2026-07-03 at 12.08.40/WhatsApp Image 2026-07-03 at 11.58.22.jpeg,8bd9801e58bf45d01d80e5c167d4f80efe34761d891ebbf6cddea5a4e099abae,egg pic data/WhatsApp Image 2026-07-03 at 11.58.22 AM.jpeg,,,,,needs_stack_face_polygons,
WhatsApp Unknown 2026-07-03 at 12.08.40/WhatsApp Image 2026-07-03 at 11.58.23 (1).jpeg,fbe0d59572aabedc2e11c6306971add5252e8394fcbb9e8403c5f77bb026be36,egg pic data/WhatsApp Image 2026-07-03 at 11.58.23 AM (1).jpeg,,,,,needs_stack_face_polygons,
WhatsApp Unknown 2026-07-03 at 12.08.40/WhatsApp Image 2026-07-03 at 11.58.23 (2).jpeg,185176b841d0e5f87c5e7e9dd0479990adfd905530c8b785e37f40052f8ea10b,egg pic data/WhatsApp Image 2026-07-03 at 11.58.23 AM (2).jpeg,,,,,needs_stack_face_polygons,
WhatsApp Unknown 2026-07-03 at 12.08.40/WhatsApp Image 2026-07-03 at 11.58.23.jpeg,40f7eac6c03400cd14db895137e269f32642a4582635e61e60471f984cc5d780,egg pic data/WhatsApp Image 2026-07-03 at 11.58.23 AM.jpeg,,,,,needs_stack_face_polygons,
WhatsApp Unknown 2026-07-03 at 12.08.40/WhatsApp Image 2026-07-03 at 11.58.24.jpeg,3935cee9d77545bd8c418acc5be4b7a9b05da110a1328b2750c6e4112e0bc3a2,egg pic data/WhatsApp Image 2026-07-03 at 11.58.24 AM.jpeg,,,,,needs_stack_face_polygons,
WhatsApp Unknown 2026-07-03 at 12.08.40/WhatsApp Image 2026-07-03 at 11.58.25 (1).jpeg,86fe9b5125cc22cd626d8383df71661799c3b5cd262c253b823e40cba8b727cc,egg pic data/WhatsApp Image 2026-07-03 at 11.58.25 AM (1).jpeg,,,,,needs_stack_face_polygons,
WhatsApp Unknown 2026-07-03 at 12.08.40/WhatsApp Image 2026-07-03 at 11.58.25.jpeg,e3279480adb54737bd96464391cacef263dbf20290a1d0b9493e44f0490aad91,egg pic data/WhatsApp Image 2026-07-03 at 11.58.25 AM.jpeg,,,,,needs_stack_face_polygons,
WhatsApp Unknown 2026-07-03 at 12.08.40/WhatsApp Image 2026-07-03 at 11.58.26.jpeg,4b062b366d4ee176d29cb64d8df164d075a6cece1ee12cf7dcfec9845d85b8d0,egg pic data/WhatsApp Image 2026-07-03 at 11.58.26 AM.jpeg,,,,,needs_stack_face_polygons,
WhatsApp Unknown 2026-07-03 at 12.08.40/WhatsApp Image 2026-07-03 at 11.58.27 (1).jpeg,75654111337b358349342857596cb86f27a060012d0f590682b4fd98e3fc4638,egg pic data/WhatsApp Image 2026-07-03 at 11.58.27 AM (1).jpeg,,,,,needs_stack_face_polygons,
WhatsApp Unknown 2026-07-03 at 12.08.40/WhatsApp Image 2026-07-03 at 11.58.27.jpeg,5a97b316e66f4e774e265433178a772355de35ea9d81341ec5dec480207f8302,egg pic data/WhatsApp Image 2026-07-03 at 11.58.27 AM.jpeg,,,,,needs_stack_face_polygons,
WhatsApp Unknown 2026-07-03 at 12.08.40/WhatsApp Image 2026-07-03 at 11.58.28.jpeg,e18a96cf13b7b4bb5bb2be3e5445ba5c59570af3d03a0dc46c2ad0449137b650,egg pic data/WhatsApp Image 2026-07-03 at 11.58.28 AM.jpeg,,,,,needs_stack_face_polygons,
WhatsApp Unknown 2026-07-03 at 12.08.40/WhatsApp Image 2026-07-03 at 11.58.30 (1).jpeg,0f9df9a3ce0703bb5137e2aab14c0b52599e9d7ff2b0a6503750123a93eea084,egg pic data/WhatsApp Image 2026-07-03 at 11.58.30 AM (1).jpeg,,,,,needs_stack_face_polygons,
WhatsApp Unknown 2026-07-03 at 12.08.40/WhatsApp Image 2026-07-03 at 11.58.30 (2).jpeg,ccaabf3f6949b820cbf7d452f59eaff79f42fbc83bf49dbb3ce6e724fdf6b7c1,egg pic data/WhatsApp Image 2026-07-03 at 11.58.30 AM (2).jpeg,,,,,needs_stack_face_polygons,
WhatsApp Unknown 2026-07-03 at 12.08.40/WhatsApp Image 2026-07-03 at 11.58.30.jpeg,ad0d90b9a62635f78bcc79eaaf09f6c984a73cd0f438304c2cb51665ab5e663e,egg pic data/WhatsApp Image 2026-07-03 at 11.58.30 AM.jpeg,,,,,needs_stack_face_polygons,
WhatsApp Unknown 2026-07-03 at 12.08.40/WhatsApp Image 2026-07-03 at 11.58.31.jpeg,da28e44fec9b560b210395bcb0b5f6aa18e0a82caf3a601ea3f6ba04ec858c83,egg pic data/WhatsApp Image 2026-07-03 at 11.58.31 AM.jpeg,,,,,needs_stack_face_polygons,
WhatsApp Unknown 2026-07-03 at 12.08.40/WhatsApp Image 2026-07-03 at 11.58.32 (1).jpeg,c4eaa52cb84add807c15dbd2a5ca0400a0c587e31cc2edde588ab4ccb0da9c36,egg pic data/WhatsApp Image 2026-07-03 at 11.58.32 AM (1).jpeg,,,,,needs_stack_face_polygons,
WhatsApp Unknown 2026-07-03 at 12.08.40/WhatsApp Image 2026-07-03 at 11.58.32.jpeg,ab39a2d1ac6adae5d4d8d6ce80e9de58dfe3f1a700ea655ebc10615208332631,egg pic data/WhatsApp Image 2026-07-03 at 11.58.32 AM.jpeg,,,,,needs_stack_face_polygons,
WhatsApp Unknown 2026-07-03 at 12.08.40/WhatsApp Image 2026-07-03 at 11.58.33.jpeg,d98c183ed0b8df21bf01cc670e2758329653dd7e7b1c6ef6f99d9b7be8e00854,egg pic data/WhatsApp Image 2026-07-03 at 11.58.33 AM.jpeg,,,,,needs_stack_face_polygons,
WhatsApp Unknown 2026-07-03 at 12.08.40/WhatsApp Image 2026-07-03 at 11.58.34.jpeg,0bdb05b782275c4abcf59ed2b005dfe1eb2cba8bfb670526cb031c6d9678cef5,egg pic data/WhatsApp Image 2026-07-03 at 11.58.34 AM.jpeg,,,,,needs_stack_face_polygons,
WhatsApp Unknown 2026-07-03 at 12.08.40/WhatsApp Image 2026-07-03 at 11.58.35.jpeg,5ff3596e41f9caed61e9fc41c46702f8f3dacd1745ee1c426de3a34a6eca049e,egg pic data/WhatsApp Image 2026-07-03 at 11.58.35 AM.jpeg,,,,,needs_stack_face_polygons,
WhatsApp Unknown 2026-07-03 at 12.08.40/WhatsApp Image 2026-07-03 at 11.58.36 (1).jpeg,412f65844215ad7e6260eff27cfe9120a2076a1e6f4e4b921a33d46a47acfa93,egg pic data/WhatsApp Image 2026-07-03 at 11.58.36 AM (1).jpeg,,,,,needs_stack_face_polygons,
WhatsApp Unknown 2026-07-03 at 12.08.40/WhatsApp Image 2026-07-03 at 11.58.36 (2).jpeg,7a5dc3fd83aa6b8603dd7268bb4cb61e7ccd54b942caf2f6225396c0c1dd8f07,egg pic data/WhatsApp Image 2026-07-03 at 11.58.36 AM (2).jpeg,,,,,needs_stack_face_polygons,
WhatsApp Unknown 2026-07-03 at 12.08.40/WhatsApp Image 2026-07-03 at 11.58.36.jpeg,519781c713a5f8dc22a8a7407a067c8b0774d268d93e1941a4ea642a32dd51a8,egg pic data/WhatsApp Image 2026-07-03 at 11.58.36 AM.jpeg,,,,,needs_stack_face_polygons,
WhatsApp Unknown 2026-07-03 at 12.08.40/WhatsApp Image 2026-07-03 at 11.58.37.jpeg,d95f511f72220ec9919a3cbbde1ff99b301a61d08712c94c544dd6fafaf8ce30,egg pic data/WhatsApp Image 2026-07-03 at 11.58.37 AM.jpeg,,,,,needs_stack_face_polygons,
WhatsApp Unknown 2026-07-03 at 12.08.40/WhatsApp Image 2026-07-03 at 11.58.38.jpeg,fee3afe394a42dc88c2e163fb065f3cf43755a0cceb9a204cd0ad9fa61ae2c2b,egg pic data/WhatsApp Image 2026-07-03 at 11.58.38 AM.jpeg,,,,,needs_stack_face_polygons,
WhatsApp Unknown 2026-07-03 at 12.08.40/WhatsApp Image 2026-07-03 at 11.58.39.jpeg,bb2b695f926199caecaa67e3ca7ba6fabc0073237c14f1dd21c3a1dd24ca3604,egg pic data/WhatsApp Image 2026-07-03 at 11.58.39 AM.jpeg,,,,,needs_stack_face_polygons,
WhatsApp Unknown 2026-07-03 at 12.08.40/WhatsApp Image 2026-07-03 at 11.58.40 (1).jpeg,39082e85ee5a685ec737892fd9a7c1acb68bccd2c3591e553835f0ea651aff86,egg pic data/WhatsApp Image 2026-07-03 at 11.58.40 AM (1).jpeg,,,,,needs_stack_face_polygons,
WhatsApp Unknown 2026-07-03 at 12.08.40/WhatsApp Image 2026-07-03 at 11.58.40.jpeg,407de3629bade11630bf42deecc6fa68243b31456f2499e0d12c880f7b02ba1f,egg pic data/WhatsApp Image 2026-07-03 at 11.58.40 AM.jpeg,,,,,needs_stack_face_polygons,
WhatsApp Unknown 2026-07-03 at 12.08.40/WhatsApp Image 2026-07-03 at 11.58.42 (1).jpeg,8a669914fb136b441dd02460fdd3651e0f87085dfbe492ce0a2be7ee9409393f,,,,,,needs_stack_face_polygons,
WhatsApp Unknown 2026-07-03 at 12.08.40/WhatsApp Image 2026-07-03 at 11.58.42 (2).jpeg,3b3ed50fdc6b4236e46729ec8ceeb44332150c0e87b2ad54f47a7b62cac782cf,,,,,,needs_stack_face_polygons,
WhatsApp Unknown 2026-07-03 at 12.08.40/WhatsApp Image 2026-07-03 at 11.58.42.jpeg,b3d6f050f741f47ac159aca9f0a02f0b3600264021ff917817ff10f092a898b8,egg pic data/WhatsApp Image 2026-07-03 at 11.58.42 AM.jpeg,,,,,needs_stack_face_polygons,
WhatsApp Unknown 2026-07-03 at 12.08.40/WhatsApp Image 2026-07-03 at 11.58.43 (1).jpeg,417a5fa78526bbc8893041af0a17ebd21ff22140377998b8bad46e5386d1923c,,,,,,needs_stack_face_polygons,
WhatsApp Unknown 2026-07-03 at 12.08.40/WhatsApp Image 2026-07-03 at 11.58.43.jpeg,74c1c55c022a4b7dd1f628da6785c9ac92d1ca526290d3d9758e410a9d3c9c11,,,,,,needs_stack_face_polygons,
WhatsApp Unknown 2026-07-03 at 12.08.40/WhatsApp Image 2026-07-03 at 11.58.45 (1).jpeg,98d66ec21cca75d245ddab177191290b71f979b8181f3fbae71338870649099d,,,,,,needs_stack_face_polygons,
WhatsApp Unknown 2026-07-03 at 12.08.40/WhatsApp Image 2026-07-03 at 11.58.45.jpeg,1f4e07b914f69cf7734aeb0d490e82b27d2f86fb604bc3f646693d98112c2e19,,,,,,needs_stack_face_polygons,
WhatsApp Unknown 2026-07-03 at 12.08.40/WhatsApp Image 2026-07-03 at 11.58.46 (1).jpeg,e0193317a4cb93c27285a69dfca9abee9c1798c6553761981ad9f9703cf0b225,,,,,,needs_stack_face_polygons,
WhatsApp Unknown 2026-07-03 at 12.08.40/WhatsApp Image 2026-07-03 at 11.58.46.jpeg,901425cb41c439bcfb8e8ffa56491782dd9ea694f1534aa6df0227107b06810a,,,,,,needs_stack_face_polygons,
WhatsApp Unknown 2026-07-03 at 12.08.40/WhatsApp Image 2026-07-03 at 11.58.47.jpeg,500876b7c08d0114b75ab9038c8107773672345686efe65e878aa5be7c8c67c6,,,,,,needs_stack_face_polygons,
WhatsApp Unknown 2026-07-03 at 12.08.40/WhatsApp Image 2026-07-03 at 11.58.48 (1).jpeg,7c6ac92134e0b6fe1355c2ccb7195ce86d92c2e520f69d474165690f9ac64fcb,,,,,,needs_stack_face_polygons,
WhatsApp Unknown 2026-07-03 at 12.08.40/WhatsApp Image 2026-07-03 at 11.58.48.jpeg,c6a2a33ab3b068273ff07f00facac3c81a69dcd0df4e5b3b01b2403263938238,,,,,,needs_stack_face_polygons,
WhatsApp Unknown 2026-07-03 at 12.08.40/WhatsApp Image 2026-07-03 at 11.58.49.jpeg,3f38e0cfac079a0361ba7193a48825ce88733c8f5da8a186e054b03416ab10ce,,,,,,needs_stack_face_polygons,
WhatsApp Unknown 2026-07-03 at 12.08.40/WhatsApp Image 2026-07-03 at 11.58.50.jpeg,15d42fecf60ccee69cc741e84307e2e0d1dd8799fac93f6fddc7cfef3c532507,,,,,,needs_stack_face_polygons,
WhatsApp Unknown 2026-07-03 at 12.08.40/WhatsApp Image 2026-07-03 at 11.58.51 (1).jpeg,c98ea52e3ee72a8105b5b19398d711d78461f409ca162ec97b5ddd3ebf697952,,,,,,needs_stack_face_polygons,
WhatsApp Unknown 2026-07-03 at 12.08.40/WhatsApp Image 2026-07-03 at 11.58.51.jpeg,f7fc1e91becd719468343c53403edebacd2c20d99fe86d3addbcf7fea5ccdc76,,,,,,needs_stack_face_polygons,
WhatsApp Unknown 2026-07-03 at 12.08.40/WhatsApp Image 2026-07-03 at 11.58.52 (1).jpeg,b8cb83f117257a6a6e9f705a9b4607f7723c85897eb37828f5d197105caaab3d,,,,,,needs_stack_face_polygons,
WhatsApp Unknown 2026-07-03 at 12.08.40/WhatsApp Image 2026-07-03 at 11.58.52.jpeg,4aadc3c28fc6aab417b08ed06dc275759ea62ff1858621413729fc70dbd5f2a9,,,,,,needs_stack_face_polygons,
WhatsApp Unknown 2026-07-03 at 12.08.40/WhatsApp Image 2026-07-03 at 11.58.53.jpeg,0ba4adb3a3de21cc8870bb2f1ddcb7bfa179608a2b2cc7c6ba18efbb49422f9b,,,,,,needs_stack_face_polygons,
WhatsApp Unknown 2026-07-03 at 12.08.40/WhatsApp Image 2026-07-03 at 11.58.54 (1).jpeg,6a75e899d01c3fd1f21116241468efd052e02ad5b52aae870c617897dacc10af,,,,,,needs_stack_face_polygons,
WhatsApp Unknown 2026-07-03 at 12.08.40/WhatsApp Image 2026-07-03 at 11.58.54.jpeg,fd6b5e09af9f3e10245c839120b8d3062e9c3ae57e81e40706849fa6505651e9,,,,,,needs_stack_face_polygons,
WhatsApp Unknown 2026-07-03 at 12.08.40/WhatsApp Image 2026-07-03 at 11.58.55 (1).jpeg,e0134cf3b35e0183d48f7326941207e93581740a1ed97c22c182317f7dc5ebd8,,,,,,needs_stack_face_polygons,
WhatsApp Unknown 2026-07-03 at 12.08.40/WhatsApp Image 2026-07-03 at 11.58.55.jpeg,6230e5bfdf3c5cd5e6ec040ccffca51c74b714d34d7085f8147ee1e8c4875329,,,,,,needs_stack_face_polygons,
WhatsApp Unknown 2026-07-03 at 12.08.40/WhatsApp Image 2026-07-03 at 11.58.56 (1).jpeg,32766c4e23b881d53bb786447f36f82fd182d108b6f93940a1d0b6607ab0d854,,,,,,needs_stack_face_polygons,
WhatsApp Unknown 2026-07-03 at 12.08.40/WhatsApp Image 2026-07-03 at 11.58.56.jpeg,7f9606cf1562e98bea57ba7280f4c9f77b671eedc9311bee656859b0d0d2d70c,,,,,,needs_stack_face_polygons,
WhatsApp Unknown 2026-07-03 at 12.08.40/WhatsApp Image 2026-07-03 at 11.58.57 (1).jpeg,abee9dad45b6409290e6dc97a5806832ae4d85f3e2d727cd7b2364a3b782125f,egg pic data/WhatsApp Image 2026-07-03 at 12.00.35 PM (1).jpeg,,,,,needs_stack_face_polygons,
WhatsApp Unknown 2026-07-03 at 12.08.40/WhatsApp Image 2026-07-03 at 11.58.57 (2).jpeg,ab6325bad657f3b3a324cc6b49aae4bd11c6790a897bc54edc5b2d5dad1bacdc,egg pic data/WhatsApp Image 2026-07-03 at 12.00.36 PM (1).jpeg,,,,,needs_stack_face_polygons,
WhatsApp Unknown 2026-07-03 at 12.08.40/WhatsApp Image 2026-07-03 at 11.58.57.jpeg,3cdb757cd1468953b3d3b7f844ed5d36090a72191eab6ccbf59040bdf6dbec77,,,,,,needs_stack_face_polygons,
WhatsApp Unknown 2026-07-03 at 12.08.40/WhatsApp Image 2026-07-03 at 11.58.58 (1).jpeg,a1e619c5fedcad77c2fa68336e9bd3e8854721ebc02cb72b49bcd04072ed403f,egg pic data/WhatsApp Image 2026-07-03 at 12.00.35 PM.jpeg,,,,,needs_stack_face_polygons,
WhatsApp Unknown 2026-07-03 at 12.08.40/WhatsApp Image 2026-07-03 at 11.58.58.jpeg,e353cef31218086fba6b7806abf0d5532418c885a26181fc543cccab1596eacc,egg pic data/WhatsApp Image 2026-07-03 at 12.00.36 PM (2).jpeg,,,,,needs_stack_face_polygons,
WhatsApp Unknown 2026-07-03 at 12.08.40/WhatsApp Image 2026-07-03 at 11.58.59 (1).jpeg,43409f4aee1d3653f12960fd6b85f93bf6b06a3a10100760194cf9a45949defc,egg pic data/WhatsApp Image 2026-07-03 at 11.58.59 AM (3).jpeg|egg pic data/WhatsApp Image 2026-07-03 at 12.00.39 PM (1).jpeg,,,,,needs_stack_face_polygons,
WhatsApp Unknown 2026-07-03 at 12.08.40/WhatsApp Image 2026-07-03 at 11.58.59 (2).jpeg,e4fe475de2587a3293d9c214e852d8d05025ee213e0a7600053f41d24990e68a,egg pic data/WhatsApp Image 2026-07-03 at 11.58.59 AM (2).jpeg|egg pic data/WhatsApp Image 2026-07-03 at 12.00.34 PM.jpeg,,,,,needs_stack_face_polygons,
WhatsApp Unknown 2026-07-03 at 12.08.40/WhatsApp Image 2026-07-03 at 11.58.59.jpeg,ec8c4f5ba4880d76ea5d90eef84b591422265147aed551ee408716079bea7bbc,egg pic data/WhatsApp Image 2026-07-03 at 11.58.59 AM (4).jpeg|egg pic data/WhatsApp Image 2026-07-03 at 12.00.34 PM (1).jpeg,,,,,needs_stack_face_polygons,
WhatsApp Unknown 2026-07-03 at 12.08.40/WhatsApp Image 2026-07-03 at 11.59.00 (1).jpeg,233ba7a3f4e6429f1bfada84434e5b75b8b04cc755b5edebe9b7cc14a07a9df3,egg pic data/WhatsApp Image 2026-07-03 at 11.59.00 AM (1).jpeg|egg pic data/WhatsApp Image 2026-07-03 at 12.00.39 PM.jpeg,,,,,needs_stack_face_polygons,
WhatsApp Unknown 2026-07-03 at 12.08.40/WhatsApp Image 2026-07-03 at 11.59.00 (2).jpeg,efd48e5a4e09e3f207a4ea362784731339d022019aaaf769876c78ee257c1867,egg pic data/WhatsApp Image 2026-07-03 at 11.59.00 AM (2).jpeg|egg pic data/WhatsApp Image 2026-07-03 at 12.00.38 PM (1).jpeg,,,,,needs_stack_face_polygons,
WhatsApp Unknown 2026-07-03 at 12.08.40/WhatsApp Image 2026-07-03 at 11.59.00.jpeg,12be1ee147e868b1bbb19b2ca355097fc479d478f423c70a8d3932c8f70ea7b9,egg pic data/WhatsApp Image 2026-07-03 at 11.59.00 AM (3).jpeg|egg pic data/WhatsApp Image 2026-07-03 at 12.00.36 PM.jpeg,,,,,needs_stack_face_polygons,
WhatsApp Unknown 2026-07-03 at 12.08.40/WhatsApp Image 2026-07-03 at 11.59.01.jpeg,ac61c8adecb352729427721f8794cb5f0092c5b2bce051a6516abd5ec9867cea,egg pic data/WhatsApp Image 2026-07-03 at 11.59.01 AM (2).jpeg|egg pic data/WhatsApp Image 2026-07-03 at 12.00.38 PM.jpeg,,,,,needs_stack_face_polygons,
WhatsApp Unknown 2026-07-03 at 12.08.46/WhatsApp Image 2026-07-03 at 11.58.59 (1).jpeg,03fc9a25e6142caae94f9177b2f95ca9530c8295b4b0b91517050f579ce7b9dc,egg pic data/WhatsApp Image 2026-07-03 at 11.58.59 AM (1).jpeg,,,,,needs_stack_face_polygons,
WhatsApp Unknown 2026-07-03 at 12.08.46/WhatsApp Image 2026-07-03 at 11.58.59.jpeg,ce396f4d42ddfa47589da6752870ea01b9b48c89c42089fd61e066e72d443393,egg pic data/WhatsApp Image 2026-07-03 at 11.58.59 AM.jpeg,,,,,needs_stack_face_polygons,
WhatsApp Unknown 2026-07-03 at 12.08.46/WhatsApp Image 2026-07-03 at 11.59.00.jpeg,59ec5a0695ca3321058ce40b05e43abe9f06fd0a9e596bc17f39e5cb4cf70b70,egg pic data/WhatsApp Image 2026-07-03 at 11.59.00 AM.jpeg,,,,,needs_stack_face_polygons,
WhatsApp Unknown 2026-07-03 at 12.08.46/WhatsApp Image 2026-07-03 at 11.59.01 (1).jpeg,04ffe40c159cfc3abec971e0ea7bcadf790aedee5cc59d9da163833b8447ef40,egg pic data/WhatsApp Image 2026-07-03 at 11.59.01 AM (1).jpeg,,,,,needs_stack_face_polygons,
WhatsApp Unknown 2026-07-03 at 12.08.46/WhatsApp Image 2026-07-03 at 11.59.01.jpeg,e9e5ca123d6329ef13dd51709bf93160bcf8c83d47af7bd383ffa194c5abf3df,egg pic data/WhatsApp Image 2026-07-03 at 11.59.01 AM.jpeg,,,,,needs_stack_face_polygons,
WhatsApp Unknown 2026-07-03 at 12.08.46/WhatsApp Image 2026-07-03 at 11.59.02.jpeg,71c0181cf192c62d08b96749393417907e17e81913b7125fa34e23bb4c3fe118,egg pic data/WhatsApp Image 2026-07-03 at 11.59.02 AM.jpeg,,,,,needs_stack_face_polygons,
WhatsApp Unknown 2026-07-03 at 12.08.46/WhatsApp Image 2026-07-03 at 11.59.03 (1).jpeg,19e414a8a4fe6576bc45b0510eeed23675b3616cc32ab28a19d8f1e17f4c1a45,egg pic data/WhatsApp Image 2026-07-03 at 11.59.03 AM (1).jpeg,,,,,needs_stack_face_polygons,
WhatsApp Unknown 2026-07-03 at 12.08.46/WhatsApp Image 2026-07-03 at 11.59.03.jpeg,7a4039a68362169ba58ac17f69a564cae52f6ce3154e20810ad596f3f4499594,egg pic data/WhatsApp Image 2026-07-03 at 11.59.03 AM.jpeg,,,,,needs_stack_face_polygons,
WhatsApp Unknown 2026-07-03 at 12.08.46/WhatsApp Image 2026-07-03 at 11.59.04.jpeg,3c1a49f904d57905bf79abf675af3308fe38d096cc006493285178cc5d38d7d8,egg pic data/WhatsApp Image 2026-07-03 at 11.59.04 AM.jpeg,,,,,needs_stack_face_polygons,
WhatsApp Unknown 2026-07-03 at 12.08.46/WhatsApp Image 2026-07-03 at 11.59.05.jpeg,8d743297cb1ba2b58f90c4382c5b258a650d40c2714c70c0ff661dd9bd34b635,egg pic data/WhatsApp Image 2026-07-03 at 11.59.05 AM.jpeg,,,,,needs_stack_face_polygons,
WhatsApp Unknown 2026-07-03 at 12.08.46/WhatsApp Image 2026-07-03 at 11.59.09 (1).jpeg,ed7e017084486eba0eb823cf385c2ab01407b59d1bf1fd9c0249896151e37182,egg pic data/WhatsApp Image 2026-07-03 at 11.59.09 AM (1).jpeg,,,,,needs_stack_face_polygons,
WhatsApp Unknown 2026-07-03 at 12.08.46/WhatsApp Image 2026-07-03 at 11.59.09.jpeg,b230c636436aab42d83f87faec4507e02b7e172462054571ef717a48a5936934,egg pic data/WhatsApp Image 2026-07-03 at 11.59.09 AM.jpeg,,,,,needs_stack_face_polygons,
WhatsApp Unknown 2026-07-03 at 12.08.46/WhatsApp Image 2026-07-03 at 11.59.10.jpeg,a964fb961ebbdcc2dfb33d30f06448b2752e40919fb78221de77ebad041796b0,egg pic data/WhatsApp Image 2026-07-03 at 11.59.10 AM.jpeg,,,,,needs_stack_face_polygons,
WhatsApp Unknown 2026-07-03 at 12.08.46/WhatsApp Image 2026-07-03 at 12.00.01.jpeg,f702d1b88986f38a31aef239ea3313ae7682aec31451d8718d9a03b1c03a3836,egg pic data/WhatsApp Image 2026-07-03 at 12.00.01 PM.jpeg,,,,,needs_stack_face_polygons,
WhatsApp Unknown 2026-07-03 at 12.08.46/WhatsApp Image 2026-07-03 at 12.00.19.jpeg,8c41723912580eb9e8e2f79144118ec1ba5a067c32c5f616dad540e808feecf6,egg pic data/WhatsApp Image 2026-07-03 at 12.00.19 PM.jpeg,,,,,needs_stack_face_polygons,
WhatsApp Unknown 2026-07-03 at 12.08.46/WhatsApp Image 2026-07-03 at 12.00.20.jpeg,9c50359ec83b45bbfc22ce9de5bb3427d17af1e807e9298980c6c4b26dd7906d,egg pic data/WhatsApp Image 2026-07-03 at 12.00.20 PM.jpeg,,,,,needs_stack_face_polygons,
WhatsApp Unknown 2026-07-03 at 12.08.46/WhatsApp Image 2026-07-03 at 12.00.21.jpeg,2c95d7aefadd98bf97b6cca31d025fddabf4f409ee22621b0fe7a33b12662365,egg pic data/WhatsApp Image 2026-07-03 at 12.00.21 PM.jpeg,,,,,needs_stack_face_polygons,
WhatsApp Unknown 2026-07-03 at 12.08.46/WhatsApp Image 2026-07-03 at 12.00.22 (1).jpeg,7c63f82d45091277e0a2a60981b79a72e78d1a5868ce46975a8ce9fcde25ece9,egg pic data/WhatsApp Image 2026-07-03 at 12.00.22 PM (1).jpeg,,,,,needs_stack_face_polygons,
WhatsApp Unknown 2026-07-03 at 12.08.46/WhatsApp Image 2026-07-03 at 12.00.22.jpeg,562e32b692b5617c5181e2e6a4a2bf9db0983f36ea343499b30957a06c160eb8,egg pic data/WhatsApp Image 2026-07-03 at 12.00.22 PM.jpeg,,,,,needs_stack_face_polygons,
WhatsApp Unknown 2026-07-03 at 12.08.46/WhatsApp Image 2026-07-03 at 12.00.23.jpeg,e8cc396f5e44382d0de678f9e97cf61082f07abca7cf46cdcbf314d79050e3b0,egg pic data/WhatsApp Image 2026-07-03 at 12.00.23 PM.jpeg,,,,,needs_stack_face_polygons,
WhatsApp Unknown 2026-07-03 at 12.08.46/WhatsApp Image 2026-07-03 at 12.00.24 (1).jpeg,47784ec2a54b9d0adb5d550119f847c052fcd2ef026aa2fc0316959285769b30,egg pic data/WhatsApp Image 2026-07-03 at 12.00.24 PM (1).jpeg,,,,,needs_stack_face_polygons,
WhatsApp Unknown 2026-07-03 at 12.08.46/WhatsApp Image 2026-07-03 at 12.00.24.jpeg,2ca999a5d8e85ea6648505704188b1ac3095f0e4884786bb7b7e3d53dcf24c40,egg pic data/WhatsApp Image 2026-07-03 at 12.00.24 PM.jpeg,,,,,needs_stack_face_polygons,
WhatsApp Unknown 2026-07-03 at 12.08.46/WhatsApp Image 2026-07-03 at 12.00.25 (1).jpeg,1d754b1d685420450939201b71748d45cf056c33562e4a631da281c891e01a7e,egg pic data/WhatsApp Image 2026-07-03 at 12.00.25 PM (1).jpeg,,,,,needs_stack_face_polygons,
WhatsApp Unknown 2026-07-03 at 12.08.46/WhatsApp Image 2026-07-03 at 12.00.25.jpeg,73c466080326f170c802e16fec31233fbb2ad0dc4ed9e59a55338a052ce0295b,egg pic data/WhatsApp Image 2026-07-03 at 12.00.25 PM.jpeg,,,,,needs_stack_face_polygons,
WhatsApp Unknown 2026-07-03 at 12.08.46/WhatsApp Image 2026-07-03 at 12.00.26 (1).jpeg,c9964f90de6ca7b4c2338ad92426cb62c19df75bfe102966ed3f50bc5a942a15,egg pic data/WhatsApp Image 2026-07-03 at 12.00.26 PM (1).jpeg,,,,,needs_stack_face_polygons,
WhatsApp Unknown 2026-07-03 at 12.08.46/WhatsApp Image 2026-07-03 at 12.00.26.jpeg,e4fecfe169ab240753d7db11b80ee79a6bd1df9149df3e11feedaad350acbab2,egg pic data/WhatsApp Image 2026-07-03 at 12.00.26 PM.jpeg,,,,,needs_stack_face_polygons,
WhatsApp Unknown 2026-07-03 at 12.08.46/WhatsApp Image 2026-07-03 at 12.00.27.jpeg,015c90fdb6fdfca1f073cf9ee8b75053cf5df3a7b1d386516b87e56bd3366f95,egg pic data/WhatsApp Image 2026-07-03 at 12.00.27 PM.jpeg,,,,,needs_stack_face_polygons,
WhatsApp Unknown 2026-07-03 at 12.08.46/WhatsApp Image 2026-07-03 at 12.00.29.jpeg,9cf34147be4362e188ac8e48f8b65156abba7f89fe1de66b064e3ef7e7aea71a,egg pic data/WhatsApp Image 2026-07-03 at 12.00.29 PM.jpeg,,,,,needs_stack_face_polygons,
WhatsApp Unknown 2026-07-03 at 12.08.46/WhatsApp Image 2026-07-03 at 12.00.31.jpeg,7acc487082a40afa583f8ea4f0a4a36a4afe45e73788e7e47a37b068d2862c57,egg pic data/WhatsApp Image 2026-07-03 at 12.00.31 PM.jpeg,,,,,needs_stack_face_polygons,
WhatsApp Unknown 2026-07-03 at 12.08.46/WhatsApp Image 2026-07-03 at 12.00.32.jpeg,dc93de6b04c50ae3c5ada8680e9544a61bb25cde83871df014b9739643f4bfd6,egg pic data/WhatsApp Image 2026-07-03 at 12.00.32 PM.jpeg,,,,,needs_stack_face_polygons,
WhatsApp Unknown 2026-07-03 at 12.08.46/WhatsApp Image 2026-07-03 at 12.00.33.jpeg,bfda81febd5e061f6d474ffe3603c538e582924150580d648e95218c416b42aa,egg pic data/WhatsApp Image 2026-07-03 at 12.00.33 PM.jpeg,,,,,needs_stack_face_polygons,
WhatsApp Unknown 2026-07-03 at 12.08.46/WhatsApp Image 2026-07-03 at 12.00.34.jpeg,58e3494ec16549e0f358e886e3fd365a3ca884982ad7ed8ae6e83b791a74c361,egg pic data/WhatsApp Image 2026-07-03 at 12.00.34 PM (2).jpeg,,,,,needs_stack_face_polygons,
WhatsApp Unknown 2026-07-03 at 12.08.46/WhatsApp Image 2026-07-03 at 12.00.35.jpeg,8e7ee75834f400c7aed11a5f2214d73ff3a36aaddf49b78cf8fa34fcd8d52b76,egg pic data/WhatsApp Image 2026-07-03 at 12.00.35 PM (2).jpeg,,,,,needs_stack_face_polygons,
WhatsApp Unknown 2026-07-03 at 12.08.46/WhatsApp Image 2026-07-03 at 12.00.36 (1).jpeg,954752d855dea637347e6d3e5644bcc7cfb8155eeaff509fe77276874b7f226b,egg pic data/WhatsApp Image 2026-07-03 at 12.00.36 PM (3).jpeg,,,,,needs_stack_face_polygons,
WhatsApp Unknown 2026-07-03 at 12.08.46/WhatsApp Image 2026-07-03 at 12.00.36 (2).jpeg,39d84683ad6dc7a2f799a18b38b5e7e929880f0a2dec88a4d9226e6b6a9afd68,egg pic data/WhatsApp Image 2026-07-03 at 12.00.36 PM (4).jpeg,,,,,needs_stack_face_polygons,
WhatsApp Unknown 2026-07-03 at 12.08.46/WhatsApp Image 2026-07-03 at 12.00.36.jpeg,3c1f93f50b67d6d39b2725b150775cf787486e81e73546d5c0d3493be7cae450,egg pic data/WhatsApp Image 2026-07-03 at 12.00.36 PM (5).jpeg,,,,,needs_stack_face_polygons,
WhatsApp Unknown 2026-07-03 at 12.08.46/WhatsApp Image 2026-07-03 at 12.00.37.jpeg,cdccdb4d3baae61819a754d320ef72394b63dea13e90262be9c792af26ef312a,egg pic data/WhatsApp Image 2026-07-03 at 12.00.37 PM (2).jpeg,,,,,needs_stack_face_polygons,
WhatsApp Unknown 2026-07-03 at 12.08.46/WhatsApp Image 2026-07-03 at 12.00.38 (1).jpeg,35d51811e6a6911d40e1d355f877cf27a5545e1794e89baca04f82cc18c4c573,egg pic data/WhatsApp Image 2026-07-03 at 12.00.38 PM (2).jpeg,,,,,needs_stack_face_polygons,
WhatsApp Unknown 2026-07-03 at 12.08.46/WhatsApp Image 2026-07-03 at 12.00.38.jpeg,accd89f548c955b2419dbcedf30f3ab01e271f226acff0637dfaa914a50bb9b2,egg pic data/WhatsApp Image 2026-07-03 at 12.00.38 PM (3).jpeg,,,,,needs_stack_face_polygons,
WhatsApp Unknown 2026-07-03 at 12.08.46/WhatsApp Image 2026-07-03 at 12.00.40 (1).jpeg,d3ca08e0871eb47890a32ca9c85640d8e3412a4fd3109cc170b94a429857b202,egg pic data/WhatsApp Image 2026-07-03 at 12.00.40 PM (1).jpeg,,,,,needs_stack_face_polygons,
WhatsApp Unknown 2026-07-03 at 12.08.46/WhatsApp Image 2026-07-03 at 12.00.40.jpeg,3c10ced76389577195fa8cf61b64ea866d3a7aa6926556a554187c6519af4616,egg pic data/WhatsApp Image 2026-07-03 at 12.00.40 PM (2).jpeg,,,,,needs_stack_face_polygons,
WhatsApp Unknown 2026-07-03 at 12.08.46/WhatsApp Image 2026-07-03 at 12.00.41.jpeg,946885751d2ffe5ff02034ecfc2b43e19522d3d61388659c8831eb5b957548fd,egg pic data/WhatsApp Image 2026-07-03 at 12.00.41 PM (2).jpeg,,,,,needs_stack_face_polygons,
WhatsApp Unknown 2026-07-03 at 12.08.46/WhatsApp Image 2026-07-03 at 12.00.42.jpeg,dd502c668adf7c476a2008635bcde482fd0173173ae76b592a2c5232939b537f,egg pic data/WhatsApp Image 2026-07-03 at 12.00.42 PM (2).jpeg,,,,,needs_stack_face_polygons,
WhatsApp Unknown 2026-07-03 at 12.08.46/WhatsApp Image 2026-07-03 at 12.00.43 (1).jpeg,e4678b1f84a9911807ac7fdbc4c48eace7f18b55a0f882bcfcc733a7456590c1,egg pic data/WhatsApp Image 2026-07-03 at 12.00.43 PM (1).jpeg,,,,,needs_stack_face_polygons,
WhatsApp Unknown 2026-07-03 at 12.08.46/WhatsApp Image 2026-07-03 at 12.00.43.jpeg,ccf833d6419f0aed1a4d91478e4add8044602cb95a8b5a13983e5a1d080021d5,egg pic data/WhatsApp Image 2026-07-03 at 12.00.43 PM (2).jpeg,,,,,needs_stack_face_polygons,
WhatsApp Unknown 2026-07-03 at 12.08.46/WhatsApp Image 2026-07-03 at 12.00.44 (1).jpeg,e7186fd9b5fc576ed57938c94b5a55faff37ce5849e845be543380ad32676a09,egg pic data/WhatsApp Image 2026-07-03 at 12.00.44 PM (1).jpeg,,,,,needs_stack_face_polygons,
WhatsApp Unknown 2026-07-03 at 12.08.46/WhatsApp Image 2026-07-03 at 12.00.44.jpeg,4cd1f2a21161bca1eada994351a5973cfa245f3c3ac1e837e21a0055ebb4ba33,egg pic data/WhatsApp Image 2026-07-03 at 12.00.44 PM.jpeg,,,,,needs_stack_face_polygons,
WhatsApp Unknown 2026-07-03 at 12.08.46/WhatsApp Image 2026-07-03 at 12.00.45.jpeg,c7f142d5dac9e9196c7828632ed071b6e1dde0e8cee24e65c94a852973cf841a,egg pic data/WhatsApp Image 2026-07-03 at 12.00.45 PM (2).jpeg,,,,,needs_stack_face_polygons,
WhatsApp Unknown 2026-07-03 at 12.08.46/WhatsApp Image 2026-07-03 at 12.00.46.jpeg,6fd379212d5b39af5069eed239143c5256b566fe08bf0fdbb047c7080da9674f,egg pic data/WhatsApp Image 2026-07-03 at 12.00.46 PM.jpeg,,,,,needs_stack_face_polygons,
WhatsApp Unknown 2026-07-03 at 12.08.46/WhatsApp Image 2026-07-03 at 12.00.48 (1).jpeg,7697763100735d2085b10523dcf949db4c8caa37c8d4e016136b19bb165bbdf9,egg pic data/WhatsApp Image 2026-07-03 at 12.00.48 PM (1).jpeg,,,,,needs_stack_face_polygons,
WhatsApp Unknown 2026-07-03 at 12.08.46/WhatsApp Image 2026-07-03 at 12.00.48.jpeg,663d1a6c70de6ecef3bb1e31e81be835b26c06485ed33a68dce416287ab5131b,egg pic data/WhatsApp Image 2026-07-03 at 12.00.48 PM.jpeg,,,,,needs_stack_face_polygons,
WhatsApp Unknown 2026-07-03 at 12.08.46/WhatsApp Image 2026-07-03 at 12.00.49.jpeg,da3a4612acd35b390ad7d1ca0df6c1b213638c77dcded0ef566fa70281ab33b0,egg pic data/WhatsApp Image 2026-07-03 at 12.00.49 PM.jpeg,,,,,needs_stack_face_polygons,
WhatsApp Unknown 2026-07-03 at 12.08.46/WhatsApp Image 2026-07-03 at 12.00.50 (1).jpeg,3a9875ccaf52d0ff996ea4ec30927cf974cdfe198e47eb28df8a3783aa65d4e5,egg pic data/WhatsApp Image 2026-07-03 at 12.00.50 PM (1).jpeg,,,,,needs_stack_face_polygons,
WhatsApp Unknown 2026-07-03 at 12.08.46/WhatsApp Image 2026-07-03 at 12.00.50.jpeg,37f592b104d5b237bac8db722a7309e37ea7aa470fc0046a0661bbaf46f0b4f4,egg pic data/WhatsApp Image 2026-07-03 at 12.00.50 PM.jpeg,,,,,needs_stack_face_polygons,
WhatsApp Unknown 2026-07-03 at 12.08.46/WhatsApp Image 2026-07-03 at 12.00.51 (1).jpeg,74d392c65fd6b4586c589c52e9b9b4054341a7b1124076535092d3c1dd2735cf,egg pic data/WhatsApp Image 2026-07-03 at 12.00.51 PM (1).jpeg,,,,,needs_stack_face_polygons,
WhatsApp Unknown 2026-07-03 at 12.08.46/WhatsApp Image 2026-07-03 at 12.00.51.jpeg,79864ee402436557415d3ab87d218f0f06a309af5ca7236ff311ec56f8876d5a,egg pic data/WhatsApp Image 2026-07-03 at 12.00.51 PM.jpeg,,,,,needs_stack_face_polygons,
WhatsApp Unknown 2026-07-03 at 12.08.46/WhatsApp Image 2026-07-03 at 12.00.52 (1).jpeg,d7c9bd5da8895bca07a0d7daf2855fc348898f094ab4c0e3ea696efb6ce9f0a6,egg pic data/WhatsApp Image 2026-07-03 at 12.00.52 PM (1).jpeg,,,,,needs_stack_face_polygons,
WhatsApp Unknown 2026-07-03 at 12.08.46/WhatsApp Image 2026-07-03 at 12.00.52 (2).jpeg,b91c4566c60a1902845694af06bb94ead11a626126bdd221a2ee6e63eb9f296f,egg pic data/WhatsApp Image 2026-07-03 at 12.00.52 PM (2).jpeg,,,,,needs_stack_face_polygons,
WhatsApp Unknown 2026-07-03 at 12.08.46/WhatsApp Image 2026-07-03 at 12.00.52.jpeg,2b588d2747ad49e43c760931e49a9449eceba32bafac3938ce96b4d5a91a2ab8,egg pic data/WhatsApp Image 2026-07-03 at 12.00.52 PM.jpeg,,,,,needs_stack_face_polygons,
WhatsApp Unknown 2026-07-03 at 12.08.46/WhatsApp Image 2026-07-03 at 12.00.53 (1).jpeg,9ce100353a69ae7ada4fd342b40d99477915cfa971ba893e584b53eb178ab30f,egg pic data/WhatsApp Image 2026-07-03 at 12.00.53 PM (1).jpeg,,,,,needs_stack_face_polygons,
WhatsApp Unknown 2026-07-03 at 12.08.46/WhatsApp Image 2026-07-03 at 12.00.53.jpeg,e385acedad051bd46542c888b1e37de828a4118ded3fdf6054a59f476811dc74,egg pic data/WhatsApp Image 2026-07-03 at 12.00.53 PM.jpeg,,,,,needs_stack_face_polygons,
WhatsApp Unknown 2026-07-03 at 12.08.46/WhatsApp Image 2026-07-03 at 12.00.54 (1).jpeg,4601577103d74602b274b3f5846325b36fe78e147a662b1152375a77ce8b02bb,egg pic data/WhatsApp Image 2026-07-03 at 12.00.54 PM (1).jpeg,,,,,needs_stack_face_polygons,
WhatsApp Unknown 2026-07-03 at 12.08.46/WhatsApp Image 2026-07-03 at 12.00.54.jpeg,325eea7a97150b496d154116c88eb7265801c0b5686e5d834ff5ba0b4652d723,egg pic data/WhatsApp Image 2026-07-03 at 12.00.54 PM.jpeg,,,,,needs_stack_face_polygons,
WhatsApp Unknown 2026-07-03 at 12.08.46/WhatsApp Image 2026-07-03 at 12.00.55 (1).jpeg,4383ee36e19ec67633b83d3fd4f58bad2343efeae4db88e0e6f4988f154e0a13,egg pic data/WhatsApp Image 2026-07-03 at 12.00.55 PM (1).jpeg,,,,,needs_stack_face_polygons,
WhatsApp Unknown 2026-07-03 at 12.08.46/WhatsApp Image 2026-07-03 at 12.00.55.jpeg,de0a686cf02587597792248031c58a3f66ebb8f473f0cc02c96e27ea63d2b3d6,egg pic data/WhatsApp Image 2026-07-03 at 12.00.55 PM.jpeg,,,,,needs_stack_face_polygons,
WhatsApp Unknown 2026-07-03 at 12.08.46/WhatsApp Image 2026-07-03 at 12.00.57.jpeg,5881d76126d98e2e05c9dedaf9c12aa0a3746fb08cd5f39a44fb3fb7b96bcfca,egg pic data/WhatsApp Image 2026-07-03 at 12.00.57 PM.jpeg,,,,,needs_stack_face_polygons,
WhatsApp Unknown 2026-07-03 at 12.08.46/WhatsApp Image 2026-07-03 at 12.00.58.jpeg,bca9e2344d8f8dc6b9ffcc8da73a10a4b7cac7511ddafb3d0931644deb8e265b,egg pic data/WhatsApp Image 2026-07-03 at 12.00.58 PM.jpeg,,,,,needs_stack_face_polygons,
WhatsApp Unknown 2026-07-03 at 12.08.46/WhatsApp Image 2026-07-03 at 12.00.59.jpeg,d6aa44d1b5a35e31a5b9f101c04ac01548a4f39b437f180e9772405736a22f49,egg pic data/WhatsApp Image 2026-07-03 at 12.00.59 PM.jpeg,,,,,needs_stack_face_polygons,
WhatsApp Unknown 2026-07-03 at 12.08.46/WhatsApp Image 2026-07-03 at 12.01.00.jpeg,26d6b9f54906a4d73b321d71dd531a5ded60b2986ab21b6b0340b04ed2135ac8,egg pic data/WhatsApp Image 2026-07-03 at 12.01.00 PM.jpeg,,,,,needs_stack_face_polygons,
WhatsApp Unknown 2026-07-03 at 12.08.46/WhatsApp Image 2026-07-03 at 12.01.01.jpeg,8849409dbc3b51589127032081674f1ad42ad5f8e5a7c7c061a8bb7afc4429fe,egg pic data/WhatsApp Image 2026-07-03 at 12.01.01 PM.jpeg,,,,,needs_stack_face_polygons,
WhatsApp Unknown 2026-07-03 at 12.08.46/WhatsApp Image 2026-07-03 at 12.01.02 (1).jpeg,5d288baeed091f410a04ef25337c51564f3b7bca35a56bee318c610bdb42bc33,egg pic data/WhatsApp Image 2026-07-03 at 12.01.02 PM (1).jpeg,,,,,needs_stack_face_polygons,
WhatsApp Unknown 2026-07-03 at 12.08.46/WhatsApp Image 2026-07-03 at 12.01.02 (2).jpeg,da63936638a94a128fb06befb430ac52b2b5b8d2e602ba52a9679e8d060f25ef,egg pic data/WhatsApp Image 2026-07-03 at 12.01.02 PM (2).jpeg,,,,,needs_stack_face_polygons,
WhatsApp Unknown 2026-07-03 at 12.08.46/WhatsApp Image 2026-07-03 at 12.01.02.jpeg,8ff61a84ad3c8a22dd679512d4968495886f6b91c334b6f28957f4130d83da1c,egg pic data/WhatsApp Image 2026-07-03 at 12.01.02 PM.jpeg,,,,,needs_stack_face_polygons,
WhatsApp Unknown 2026-07-03 at 12.08.46/WhatsApp Image 2026-07-03 at 12.01.03.jpeg,958e062064c69464010940f7db2d10642b37f1f1693c844c0be72e5967ac27ee,egg pic data/WhatsApp Image 2026-07-03 at 12.01.03 PM.jpeg,,,,,needs_stack_face_polygons,
WhatsApp Unknown 2026-07-03 at 12.08.46/WhatsApp Image 2026-07-03 at 12.01.04 (1).jpeg,4fff068842b829dd2b46724036921c1b32e32d01dca9b98ba0c8181731f5619d,egg pic data/WhatsApp Image 2026-07-03 at 12.01.04 PM (1).jpeg,,,,,needs_stack_face_polygons,
WhatsApp Unknown 2026-07-03 at 12.08.46/WhatsApp Image 2026-07-03 at 12.01.04.jpeg,08e41a2135d15aa31ef2499d1aba6a54a65d1d062c9f70fa9950f201afa98fce,egg pic data/WhatsApp Image 2026-07-03 at 12.01.04 PM.jpeg,,,,,needs_stack_face_polygons,
WhatsApp Unknown 2026-07-03 at 12.08.46/WhatsApp Image 2026-07-03 at 12.01.05 (1).jpeg,57a4766d741a2eff9d53d5aaee68f7bd699f1ab66ff7bf8e03e4afabcb614b44,egg pic data/WhatsApp Image 2026-07-03 at 12.01.05 PM (1).jpeg,,,,,needs_stack_face_polygons,
WhatsApp Unknown 2026-07-03 at 12.08.46/WhatsApp Image 2026-07-03 at 12.01.05 (2).jpeg,81444030c1f03e46f3ebeaa0c68341fea46920eb7e36c44b9031f3c2278892da,egg pic data/WhatsApp Image 2026-07-03 at 12.01.05 PM (2).jpeg,,,,,needs_stack_face_polygons,
WhatsApp Unknown 2026-07-03 at 12.08.46/WhatsApp Image 2026-07-03 at 12.01.05.jpeg,a524ea9b920aae9450614a82595720f8263ca930baec183a7af2b23118c87368,egg pic data/WhatsApp Image 2026-07-03 at 12.01.05 PM.jpeg,,,,,needs_stack_face_polygons,
WhatsApp Unknown 2026-07-03 at 12.08.46/WhatsApp Image 2026-07-03 at 12.01.06.jpeg,5961cc0c62fa659ddfb4cd8743ff3592b788abfbae86579f898b99f111733037,egg pic data/WhatsApp Image 2026-07-03 at 12.01.06 PM.jpeg,,,,,needs_stack_face_polygons,
WhatsApp Unknown 2026-07-03 at 12.08.46/WhatsApp Image 2026-07-03 at 12.01.07.jpeg,18022aba0e62f9aecc93cfc14fa8c0fd889fa6071d4ede786108e9440d331626,egg pic data/WhatsApp Image 2026-07-03 at 12.01.07 PM.jpeg,,,,,needs_stack_face_polygons,
WhatsApp Unknown 2026-07-03 at 12.09.02/WhatsApp Image 2026-07-03 at 12.01.07.jpeg,d444780fe80c72571a6dd67dcda423c0718926b92e3a21b310dbc139c0331bd5,egg pic data/WhatsApp Image 2026-07-03 at 12.01.07 PM (1).jpeg,,,,,needs_stack_face_polygons,
WhatsApp Unknown 2026-07-03 at 12.09.02/WhatsApp Image 2026-07-03 at 12.01.08 (1).jpeg,97c3279e2d30b6f42ce1c9acc17bf7a8604d60343e9036b2aa8c65e83dcf07ee,egg pic data/WhatsApp Image 2026-07-03 at 12.01.08 PM (1).jpeg,,,,,needs_stack_face_polygons,
WhatsApp Unknown 2026-07-03 at 12.09.02/WhatsApp Image 2026-07-03 at 12.01.08.jpeg,e23f8e171cc5742b551a417a74ae3f88bb8ea7dd0d59551c32cf02fb065a8acf,egg pic data/WhatsApp Image 2026-07-03 at 12.01.08 PM.jpeg,,,,,needs_stack_face_polygons,
WhatsApp Unknown 2026-07-03 at 12.09.02/WhatsApp Image 2026-07-03 at 12.01.09 (1).jpeg,f90557f4640b942981a0e95389ccf71c0bffb632d5273692eda04dc750f44173,egg pic data/WhatsApp Image 2026-07-03 at 12.01.09 PM (1).jpeg,,,,,needs_stack_face_polygons,
WhatsApp Unknown 2026-07-03 at 12.09.02/WhatsApp Image 2026-07-03 at 12.01.09.jpeg,3c1bc74c04a9c04d9b094c7c4a2c054182ab8cd51d0dfba3cfd9e212026fec78,egg pic data/WhatsApp Image 2026-07-03 at 12.01.09 PM.jpeg,,,,,needs_stack_face_polygons,
WhatsApp Unknown 2026-07-03 at 12.09.02/WhatsApp Image 2026-07-03 at 12.01.10.jpeg,ecc86aed48636d6e20bc912c1f1c37de49f7d88efb9b10ef6470c2bb94f86f7a,egg pic data/WhatsApp Image 2026-07-03 at 12.01.10 PM.jpeg,,,,,needs_stack_face_polygons,
WhatsApp Unknown 2026-07-03 at 12.09.02/WhatsApp Image 2026-07-03 at 12.01.11.jpeg,ec5cccdb9368e474d78e65ee72a293ca6b84a13d3c59265c877a58da90b3edde,egg pic data/WhatsApp Image 2026-07-03 at 12.01.11 PM.jpeg,,,,,needs_stack_face_polygons,
WhatsApp Unknown 2026-07-03 at 12.09.02/WhatsApp Image 2026-07-03 at 12.01.13 (1).jpeg,f2dc4416ff8058490f92777e6a9edb2bafc82445275f519960ddf2cde4730c44,egg pic data/WhatsApp Image 2026-07-03 at 12.01.13 PM (1).jpeg,,,,,needs_stack_face_polygons,
WhatsApp Unknown 2026-07-03 at 12.09.02/WhatsApp Image 2026-07-03 at 12.01.13.jpeg,2a44333649367eba470b4d2af15b292aa4c6d584b3400d922d946fc80a19e40a,egg pic data/WhatsApp Image 2026-07-03 at 12.01.13 PM.jpeg,,,,,needs_stack_face_polygons,
WhatsApp Unknown 2026-07-03 at 12.09.02/WhatsApp Image 2026-07-03 at 12.01.14 (1).jpeg,95c35916f6642153c2448fdca015388af596aeb6d3c22412fba494b967c71351,egg pic data/WhatsApp Image 2026-07-03 at 12.01.14 PM (1).jpeg,,,,,needs_stack_face_polygons,
WhatsApp Unknown 2026-07-03 at 12.09.02/WhatsApp Image 2026-07-03 at 12.01.14.jpeg,88f8e2ba650dadfc159d03912c1e18cbce9c2b4e406a111e3636b15b7b43b965,egg pic data/WhatsApp Image 2026-07-03 at 12.01.14 PM.jpeg,,,,,needs_stack_face_polygons,
WhatsApp Unknown 2026-07-03 at 12.09.02/WhatsApp Image 2026-07-03 at 12.01.15 (1).jpeg,41538e48f52c0a7d126e1c9423e625b1e6d1e2c90d89d5c911ef612936381db2,egg pic data/WhatsApp Image 2026-07-03 at 12.01.15 PM (1).jpeg,,,,,needs_stack_face_polygons,
WhatsApp Unknown 2026-07-03 at 12.09.02/WhatsApp Image 2026-07-03 at 12.01.15.jpeg,71c4e305bbee6f69e4a27f12baca655f3069b27314c3e506bbcae103d5b54816,egg pic data/WhatsApp Image 2026-07-03 at 12.01.15 PM.jpeg,,,,,needs_stack_face_polygons,
WhatsApp Unknown 2026-07-03 at 12.09.02/WhatsApp Image 2026-07-03 at 12.01.16.jpeg,0ae4583da591fd0bb607ee4997da488da67efdcfec7d5088b488170f5bc66d01,egg pic data/WhatsApp Image 2026-07-03 at 12.01.16 PM.jpeg,,,,,needs_stack_face_polygons,
WhatsApp Unknown 2026-07-03 at 12.09.02/WhatsApp Image 2026-07-03 at 12.01.17.jpeg,9886c5325aaa650207957a461bdbd97f80eeb38dc5cef1059a47e5b291d2ef92,egg pic data/WhatsApp Image 2026-07-03 at 12.01.17 PM.jpeg,,,,,needs_stack_face_polygons,
WhatsApp Unknown 2026-07-03 at 12.09.02/WhatsApp Image 2026-07-03 at 12.01.18.jpeg,d0c8dbe150e81f73cb0dbc9dc008062e11c68fa6f53305e4f4ab6cb63acd2ac3,egg pic data/WhatsApp Image 2026-07-03 at 12.01.18 PM.jpeg,,,,,needs_stack_face_polygons,
WhatsApp Unknown 2026-07-03 at 12.09.02/WhatsApp Image 2026-07-03 at 12.01.19 (1).jpeg,55a2f698f96fb59ed9ad292237af4eb9ad2acbfffcd56975ecd0619fcaca57d7,egg pic data/WhatsApp Image 2026-07-03 at 12.01.19 PM (1).jpeg,,,,,needs_stack_face_polygons,
WhatsApp Unknown 2026-07-03 at 12.09.02/WhatsApp Image 2026-07-03 at 12.01.19.jpeg,b2082b6e92073cb2636b2a7dbe957cf3d9f25e788f7dfec96b58002fb4571c9d,egg pic data/WhatsApp Image 2026-07-03 at 12.01.19 PM.jpeg,,,,,needs_stack_face_polygons,
WhatsApp Unknown 2026-07-03 at 12.09.12/WhatsApp Image 2026-07-03 at 12.02.11.jpeg,6c215375d0bfac4e598172bc7d817314df34dd3fb02d76d8428aefe1e7ad18ca,WhatsApp Unknown 2026-07-03 at 12.24.54/WhatsApp Image 2026-07-03 at 12.02.11.jpeg|egg pic data/WhatsApp Image 2026-07-03 at 12.02.11 PM.jpeg,,,,,needs_stack_face_polygons,
WhatsApp Unknown 2026-07-03 at 12.09.12/WhatsApp Image 2026-07-03 at 12.02.14.jpeg,692d735cbc718f5c3dd7274c723be8ca65f89eb1de6f3d7d49f33fc7a26f4949,WhatsApp Unknown 2026-07-03 at 12.24.54/WhatsApp Image 2026-07-03 at 12.02.14.jpeg|egg pic data/WhatsApp Image 2026-07-03 at 12.02.14 PM.jpeg,,,,,needs_stack_face_polygons,
WhatsApp Unknown 2026-07-03 at 12.09.12/WhatsApp Image 2026-07-03 at 12.02.15.jpeg,3b10969b5d643fe2d2c4dca1cfa3e541feb0a7c85c8f7ddb8010c146d7d4c8aa,WhatsApp Unknown 2026-07-03 at 12.24.54/WhatsApp Image 2026-07-03 at 12.02.15.jpeg|egg pic data/WhatsApp Image 2026-07-03 at 12.02.15 PM.jpeg,,,,,needs_stack_face_polygons,
WhatsApp Unknown 2026-07-03 at 12.24.54/WhatsApp Image 2026-07-03 at 12.02.30.jpeg,66c857dd918f64b225399dba30030112a7dc3a149ce57c429880cd1c505a1d7d,egg pic data/WhatsApp Image 2026-07-03 at 12.02.30 PM.jpeg,,,,,needs_stack_face_polygons,
WhatsApp Unknown 2026-07-03 at 12.24.54/WhatsApp Image 2026-07-03 at 12.02.31.jpeg,07b5c4eced27f9bd4984190e6d0eab5f7b9ae6913ace2ad746ae35fcbc03b9a0,egg pic data/WhatsApp Image 2026-07-03 at 12.02.31 PM.jpeg,,,,,needs_stack_face_polygons,
WhatsApp Unknown 2026-07-03 at 12.24.54/WhatsApp Image 2026-07-03 at 12.02.32.jpeg,932c117d1c13b627bdccaa0463b8527c54ba39b4b309331085cac5283b68c360,egg pic data/WhatsApp Image 2026-07-03 at 12.02.32 PM.jpeg,,,,,needs_stack_face_polygons,
WhatsApp Unknown 2026-07-03 at 12.24.54/WhatsApp Image 2026-07-03 at 12.02.37.jpeg,a549c5ca06cb3f8c46930822863e71384bbcdc7694c119ac2e22ad160261501a,egg pic data/WhatsApp Image 2026-07-03 at 12.02.37 PM.jpeg,,,,,needs_stack_face_polygons,
WhatsApp Unknown 2026-07-03 at 12.24.54/WhatsApp Image 2026-07-03 at 12.02.47.jpeg,afe4c6299e0cba908781bd3fbaef7cf650f7d38f256e581bcf8634a3381d2879,egg pic data/WhatsApp Image 2026-07-03 at 12.02.47 PM (2).jpeg,,,,,needs_stack_face_polygons,
WhatsApp Unknown 2026-07-03 at 12.24.54/WhatsApp Image 2026-07-03 at 12.02.48.jpeg,ffc8e23fbae7a2c23fcf73d33317cbae363db8486fec484f93e50897d1d5b226,egg pic data/WhatsApp Image 2026-07-03 at 12.02.48 PM (2).jpeg,,,,,needs_stack_face_polygons,
WhatsApp Unknown 2026-07-03 at 12.24.54/WhatsApp Image 2026-07-03 at 12.02.53.jpeg,b2c8f75eecc364e609000c44d11c64906cc63300038cceb6df53ad9ec50f9fed,egg pic data/WhatsApp Image 2026-07-03 at 12.02.53 PM (2).jpeg,,,,,needs_stack_face_polygons,
WhatsApp Unknown 2026-07-03 at 12.24.54/WhatsApp Image 2026-07-03 at 12.02.55.jpeg,6617cb6dcb47dca897383a16c5684184d111dbc6fa196917bf8ab61be278294d,egg pic data/WhatsApp Image 2026-07-03 at 12.02.55 PM (2).jpeg,,,,,needs_stack_face_polygons,
WhatsApp Unknown 2026-07-03 at 12.24.54/WhatsApp Image 2026-07-03 at 12.03.10.jpeg,c6be06577c3487f4e735fdf1da0f21618e6e47825d7c6d93a3cc69344ddeb4a1,egg pic data/WhatsApp Image 2026-07-03 at 12.03.10 PM (2).jpeg,,,,,needs_stack_face_polygons,
WhatsApp Unknown 2026-07-03 at 12.24.54/WhatsApp Image 2026-07-03 at 12.03.11.jpeg,8a2d0555518d5c00c2fc0f76e05b8ad4990b26cbc07d72d646441739a6d445c4,egg pic data/WhatsApp Image 2026-07-03 at 12.03.11 PM (2).jpeg,,,,,needs_stack_face_polygons,
WhatsApp Unknown 2026-07-03 at 12.24.54/WhatsApp Image 2026-07-03 at 12.03.13.jpeg,29960e6a2c3f07600ff9fc265ba33f4734882cb635aec0977facb9c6c1fb9364,egg pic data/WhatsApp Image 2026-07-03 at 12.03.13 PM (2).jpeg,,,,,needs_stack_face_polygons,
WhatsApp Unknown 2026-07-03 at 12.24.54/WhatsApp Image 2026-07-03 at 12.03.15.jpeg,c581c3417a3569728f5e9cd0c4b2eddf85e99329da90761fc6c7225136c523b0,egg pic data/WhatsApp Image 2026-07-03 at 12.03.15 PM (2).jpeg,,,,,needs_stack_face_polygons,
WhatsApp Unknown 2026-07-03 at 12.24.54/WhatsApp Image 2026-07-03 at 12.03.17.jpeg,687e8356da35dc552118bf223418a86218f596b2bd0022addfd6ae7e4149c12f,egg pic data/WhatsApp Image 2026-07-03 at 12.03.17 PM (2).jpeg,,,,,needs_stack_face_polygons,
WhatsApp Unknown 2026-07-03 at 12.24.54/WhatsApp Image 2026-07-03 at 12.03.18.jpeg,b294c4009e01dae3d946fce0c8046b25888120f5a9e26cc698a0ad3a877678e3,egg pic data/WhatsApp Image 2026-07-03 at 12.03.18 PM (2).jpeg,,,,,needs_stack_face_polygons,
WhatsApp Unknown 2026-07-03 at 12.24.54/WhatsApp Image 2026-07-03 at 12.03.37.jpeg,ec955ce8bce0b67a18c2c16aba0fe9b360aa50d07acc32bde6b0a744c1e8ad27,egg pic data/WhatsApp Image 2026-07-03 at 12.03.37 PM.jpeg,,,,,needs_stack_face_polygons,
WhatsApp Unknown 2026-07-03 at 12.24.54/WhatsApp Image 2026-07-03 at 12.03.39.jpeg,05859d1fd4a9a71a12833e2968cec962bc716f9b599dd370d357af68a822c57d,egg pic data/WhatsApp Image 2026-07-03 at 12.03.39 PM.jpeg,,,,,needs_stack_face_polygons,
egg pic data/WhatsApp Image 2026-07-03 at 12.00.37 PM.jpeg,d6fbb0862f777f6a2e7b3082ec8cafc1cc7678dc3fd34b4f22ed35c720f03d9e,,,,,,needs_stack_face_polygons,
egg pic data/WhatsApp Image 2026-07-03 at 12.00.40 PM.jpeg,e293b5054b833f54fa91b88d56562f4b144df23bca5f288f0dec75d2fdd459af,,,,,,needs_stack_face_polygons,
egg pic data/WhatsApp Image 2026-07-03 at 12.00.41 PM.jpeg,19b25ae1beccaa6e931d50ec62c41ffa8141483571ec075fd4c93b9b0d48f8f8,,,,,,needs_stack_face_polygons,
egg pic data/WhatsApp Image 2026-07-03 at 12.00.42 PM (1).jpeg,bdd336fa4ce561ac13d1631cd67341c421cd0d78071cb28d9b1b449407e5f5af,,,,,,needs_stack_face_polygons,
egg pic data/WhatsApp Image 2026-07-03 at 12.00.42 PM.jpeg,1a0cd80500461df1094059f7b1d137870c9bd992d96061a259c385984c8e8a94,,,,,,needs_stack_face_polygons,
egg pic data/WhatsApp Image 2026-07-03 at 12.00.43 PM.jpeg,cf105ef9ab12fb31c0cde4f5d1e1d6dc14fdfa05563c2cb8ecb5272e92054149,,,,,,needs_stack_face_polygons,
egg pic data/WhatsApp Image 2026-07-03 at 12.00.45 PM.jpeg,2a224587011f6f02e783cabb5c35ef7d8b99a2730e306f351ba0f1a3a167dbbc,,,,,,needs_stack_face_polygons,
egg pic data/WhatsApp Image 2026-07-03 at 12.02.45 PM.jpeg,c78bfd6fe52799a7ffadbc98a108ac1d3200ceffd471fd8c4053852405b7bdd5,,,,,,needs_stack_face_polygons,
egg pic data/WhatsApp Image 2026-07-03 at 12.02.46 PM (1).jpeg,98397c20c99a7cd93f257a4062cc6b7527d38472c1f64475308c979b62799845,,,,,,needs_stack_face_polygons,
egg pic data/WhatsApp Image 2026-07-03 at 12.02.46 PM (2).jpeg,110210fe6b2abc39d8dd0076d91e3da68bf17c2aa0c7337485a500a3cadbb8af,,,,,,needs_stack_face_polygons,
egg pic data/WhatsApp Image 2026-07-03 at 12.02.46 PM.jpeg,d1c428586dc10ca18e74140dde83f50a41b326b0b097e2b452c385436ceb0d34,,,,,,needs_stack_face_polygons,
egg pic data/WhatsApp Image 2026-07-03 at 12.02.47 PM.jpeg,72976c646a17107169eaa4d82720bb34e109e58b36f5bc1444fbcaff3384e46c,,,,,,needs_stack_face_polygons,
egg pic data/WhatsApp Image 2026-07-03 at 12.02.48 PM (1).jpeg,afa421029f1c478bfc995a20a850b13c18ae6e867158c31532278286b3ba5d53,,,,,,needs_stack_face_polygons,
egg pic data/WhatsApp Image 2026-07-03 at 12.02.48 PM.jpeg,3a2f5cd5766ae0d8944376aff546e80e90834c831f4c81482626237c2f66e2b3,,,,,,needs_stack_face_polygons,
egg pic data/WhatsApp Image 2026-07-03 at 12.02.49 PM (1).jpeg,d27b74f6686394171dc726729fcef6ed048730c8bdd11c4967cc1ab996a7eaa7,,,,,,needs_stack_face_polygons,
egg pic data/WhatsApp Image 2026-07-03 at 12.02.49 PM.jpeg,7a85e3d454f09697fd4ad3a08ceab8f206de59ffe495f96cde48a491945b7aff,,,,,,needs_stack_face_polygons,
egg pic data/WhatsApp Image 2026-07-03 at 12.02.50 PM (1).jpeg,70dd41cbaa69e4e7c8816614a2bb4e9b1001b531adc4d324fd2dbd73ac24bcc0,,,,,,needs_stack_face_polygons,
egg pic data/WhatsApp Image 2026-07-03 at 12.02.50 PM.jpeg,117361fac2e6d6e410b496da79b6a109a8ece0deab5396191af9d7cccaba7323,,,,,,needs_stack_face_polygons,
egg pic data/WhatsApp Image 2026-07-03 at 12.02.51 PM.jpeg,af7dd7220c6fac0992342a1259c0b60b6aba8aa28d6384b41983e5351743f347,,,,,,needs_stack_face_polygons,
egg pic data/WhatsApp Image 2026-07-03 at 12.02.52 PM.jpeg,d9402e1906477df35d208c338b36d0bf66d564ae961f5f5f46d5a49416e64cff,,,,,,needs_stack_face_polygons,
egg pic data/WhatsApp Image 2026-07-03 at 12.02.53 PM (1).jpeg,7804a270d99e8ba5fd50e452e96747527914dd37e2d20f151b6f7007c5025634,,,,,,needs_stack_face_polygons,
egg pic data/WhatsApp Image 2026-07-03 at 12.02.53 PM.jpeg,39e987e78c419016bb1d6a7939acddec59e68456740ba3156fb2ac972dc5ebc8,,,,,,needs_stack_face_polygons,
egg pic data/WhatsApp Image 2026-07-03 at 12.02.54 PM.jpeg,54c2d0d030c4729bcef209a5e4ef0ae82a579f20eb59b94cc65bffd3e3baeddf,,,,,,needs_stack_face_polygons,
egg pic data/WhatsApp Image 2026-07-03 at 12.02.55 PM.jpeg,4762141635d7aa03268c82acb4d83b3487da7f8f924287117be8d33bfa40a050,,,,,,needs_stack_face_polygons,
egg pic data/WhatsApp Image 2026-07-03 at 12.02.56 PM (1).jpeg,fa915159bedd82107cfa00855883203be9506a321371440cc335bbd2f52c4fcb,,,,,,needs_stack_face_polygons,
egg pic data/WhatsApp Image 2026-07-03 at 12.02.56 PM.jpeg,2ec131bd87c50bf445b557e170a91d55e2fc5a7ed10337dadd4c309194b94dd4,,,,,,needs_stack_face_polygons,
egg pic data/WhatsApp Image 2026-07-03 at 12.02.57 PM.jpeg,bd570ee98f6d25d69445ffa4e2de554355e127750e93216c05954534269ceec6,,,,,,needs_stack_face_polygons,
egg pic data/WhatsApp Image 2026-07-03 at 12.02.58 PM.jpeg,a1164d28c78e7934f4363eab3c934444b6b540a701ba5354e369af1b239819bb,,,,,,needs_stack_face_polygons,
egg pic data/WhatsApp Image 2026-07-03 at 12.02.59 PM.jpeg,153a4c1161c35bc61b43377c8b9d76687879f5fef74d121d84b0665222e6491f,,,,,,needs_stack_face_polygons,
egg pic data/WhatsApp Image 2026-07-03 at 12.03.00 PM (1).jpeg,00df51f79d533ed3ffbb7e728bcdf3bcfa46a20b8f512f291e87ec59bdceca77,,,,,,needs_stack_face_polygons,
egg pic data/WhatsApp Image 2026-07-03 at 12.03.00 PM.jpeg,45f88f769a29f909117e3c98434f5ad04c5a705e417e0a544cb47f4e3a90cf09,,,,,,needs_stack_face_polygons,
egg pic data/WhatsApp Image 2026-07-03 at 12.03.01 PM (1).jpeg,400443df281cf645cbe167ed90310c397195ad9d573aec33a0c1e5bb87d55abe,,,,,,needs_stack_face_polygons,
egg pic data/WhatsApp Image 2026-07-03 at 12.03.01 PM.jpeg,ff17d5307ca231dab6f89054a56b5c527d67fcf7ee2ca17226e64842ac051dff,,,,,,needs_stack_face_polygons,
egg pic data/WhatsApp Image 2026-07-03 at 12.03.02 PM.jpeg,aea252136bc2a5573ea35ad360576e4e03a9ab6a68d056fbb6862b1f7acf1734,,,,,,needs_stack_face_polygons,
egg pic data/WhatsApp Image 2026-07-03 at 12.03.03 PM (1).jpeg,1280dfd5a35cad9dff881b249fbab7cdd3778bf652a87e807499b827b4674a70,,,,,,needs_stack_face_polygons,
egg pic data/WhatsApp Image 2026-07-03 at 12.03.03 PM.jpeg,be195c6114747e21133ef3894dac29d0b2f2cb52c919fdd53b4ae67c7d046e43,,,,,,needs_stack_face_polygons,
egg pic data/WhatsApp Image 2026-07-03 at 12.03.04 PM (1).jpeg,7d45fbb912728ef426b721b0b8a4ca9eadafa894c288f5b7beae2f2dff345f78,,,,,,needs_stack_face_polygons,
egg pic data/WhatsApp Image 2026-07-03 at 12.03.04 PM.jpeg,4c998b7af2558909efd6770213489f6cd699dfa9acf12147d715d7114c1a278b,,,,,,needs_stack_face_polygons,
egg pic data/WhatsApp Image 2026-07-03 at 12.03.05 PM.jpeg,fb6d1f42a69658bf2fd06c99ab28265f3ebdb6a5c58efce3ffe4d356646b1f6c,,,,,,needs_stack_face_polygons,
egg pic data/WhatsApp Image 2026-07-03 at 12.03.06 PM (1).jpeg,36731d31518a619f7f89d637c0a49deb689885d2b0d5e8e0bab6950af66468cf,,,,,,needs_stack_face_polygons,
egg pic data/WhatsApp Image 2026-07-03 at 12.03.06 PM.jpeg,c98d0a0121b824c4492dac5b86b01a65f5fba0fe9f0d5b22aa25a4747374d07d,,,,,,needs_stack_face_polygons,
egg pic data/WhatsApp Image 2026-07-03 at 12.03.08 PM (1).jpeg,33e6c7f2257977b364389ba6d972c99a50d781513b5780598aa199bf2f906c91,,,,,,needs_stack_face_polygons,
egg pic data/WhatsApp Image 2026-07-03 at 12.03.08 PM.jpeg,b8e079105e88e2d0c2c237654cf20572531081c1fdf821bd614b2754362c1508,,,,,,needs_stack_face_polygons,
egg pic data/WhatsApp Image 2026-07-03 at 12.03.09 PM.jpeg,e681183a019986216612685da61158dad03529974f0715abbe4584ccc6dfbf9a,,,,,,needs_stack_face_polygons,
egg pic data/WhatsApp Image 2026-07-03 at 12.03.10 PM.jpeg,62f943396ec2a4989e948bb55769f6206cf3dad1e269c2b98ea081d5592f13ff,,,,,,needs_stack_face_polygons,
egg pic data/WhatsApp Image 2026-07-03 at 12.03.11 PM (1).jpeg,1157b292f514f0c5f77ba0ac65457d487d1c74c4cb96141ff8723ca6630d478d,,,,,,needs_stack_face_polygons,
egg pic data/WhatsApp Image 2026-07-03 at 12.03.11 PM.jpeg,3e557b7486f95d9ae27c0eea2c3baa10c977444b3de6c2eadb7fc7bd152d8b99,,,,,,needs_stack_face_polygons,
egg pic data/WhatsApp Image 2026-07-03 at 12.03.12 PM (1).jpeg,f802c790858102caf14b74cb775f49003acd974a87c6e2d87fcf21dabc193bf2,,,,,,needs_stack_face_polygons,
egg pic data/WhatsApp Image 2026-07-03 at 12.03.12 PM.jpeg,2d1eb63bcdf885448627c83268b8f97bd98137fc7a00a5a8df1c9778a5015178,,,,,,needs_stack_face_polygons,
egg pic data/WhatsApp Image 2026-07-03 at 12.03.13 PM.jpeg,ed924a58c2231a2a4f9f69fcc0ae8e26de0acbbf0ee25c8b0793e55f6af7b5e2,,,,,,needs_stack_face_polygons,
egg pic data/WhatsApp Image 2026-07-03 at 12.03.14 PM (1).jpeg,72e183fe73c4fe282f2ac250ff28ad2954036cc44840f2b872c8da859da03e5d,,,,,,needs_stack_face_polygons,
egg pic data/WhatsApp Image 2026-07-03 at 12.03.14 PM.jpeg,9d5fe3643bd748ca76935a90fbec9089ea41b842886306bd295cc35fde5e2ef5,,,,,,needs_stack_face_polygons,
egg pic data/WhatsApp Image 2026-07-03 at 12.03.15 PM (1).jpeg,562a0f91bef5226bff9355cc630ecc0578700d5e421ec41669b8c3391d2a497a,,,,,,needs_stack_face_polygons,
egg pic data/WhatsApp Image 2026-07-03 at 12.03.15 PM.jpeg,57c1c37f294929707526a1d5d498cef60ca2b9bce1343463ae185b1339163084,,,,,,needs_stack_face_polygons,
egg pic data/WhatsApp Image 2026-07-03 at 12.03.16 PM (1).jpeg,a69109cf3fc21d0aae43cc72160aead56cef5f15c598a60d45fe9c4e052e85fa,,,,,,needs_stack_face_polygons,
egg pic data/WhatsApp Image 2026-07-03 at 12.03.16 PM (2).jpeg,44aa15217c629921ce5fc20b34c98a118498557b7e12079e37b510dc3b3f235e,,,,,,needs_stack_face_polygons,
egg pic data/WhatsApp Image 2026-07-03 at 12.03.16 PM.jpeg,8442637d6cc92a1053e55f8bd4874030504aeaa575eb77e7c8dd362545db6a7d,,,,,,needs_stack_face_polygons,
egg pic data/WhatsApp Image 2026-07-03 at 12.03.17 PM (1).jpeg,d715f037cae103cc39d9d60ea35c38a3ba5ef95d95cd5e7efab1ee7211a0298b,,,,,,needs_stack_face_polygons,
egg pic data/WhatsApp Image 2026-07-03 at 12.03.17 PM.jpeg,1f1624de3941383d61d7527ea53acde02617ffef35832d82106417cd8966b7bc,,,,,,needs_stack_face_polygons,
egg pic data/WhatsApp Image 2026-07-03 at 12.03.18 PM (1).jpeg,250008a062589aeba0417919a49024e6acb59baacfc652dc9b6717a9f1e8327f,,,,,,needs_stack_face_polygons,
egg pic data/WhatsApp Image 2026-07-03 at 12.03.18 PM.jpeg,4ff76702321f695055c4705bd004f4a8e593f489f3fcf081e2c29b121efcc062,,,,,,needs_stack_face_polygons,
egg pic data/WhatsApp Image 2026-07-03 at 12.03.19 PM.jpeg,54918f05bc052c58e1305ba87a86832223c085512e1899dda62e896f5bfef37c,,,,,,needs_stack_face_polygons,
egg pic data/WhatsApp Image 2026-07-03 at 12.04.05 PM.jpeg,b9470085a6d8c34d6f616cdc566c3729b862d3407ff39829bc0a178028c7fed0,,,,,,needs_stack_face_polygons,
egg pic data/WhatsApp Image 2026-07-03 at 12.04.06 PM (1).jpeg,0b2b7232e75428d845e0322551d73ee7677f9de1982c66fb85ebf76643b7f2d9,,,,,,needs_stack_face_polygons,
egg pic data/WhatsApp Image 2026-07-03 at 12.04.06 PM.jpeg,27b5e873da5da4fe97d271e37825cab00c632698ac9588d718d8dc7707c38797,,,,,,needs_stack_face_polygons,
egg pic data/WhatsApp Image 2026-07-03 at 12.04.08 PM.jpeg,76fed042e8c4a94cfa3d3f94e5793dd75b260817633f6a71e54f4ba761b439ea,,,,,,needs_stack_face_polygons,
egg pic data/WhatsApp Image 2026-07-03 at 12.04.10 PM.jpeg,86b17ad778bf982d6255d07bad1d43f6faf3efc06911c17eeac112d6fa339e1a,,,,,,needs_stack_face_polygons,
egg pic data/WhatsApp Image 2026-07-03 at 12.04.12 PM.jpeg,0ac7526912b8a4eab85d7a41736f0ef8c98f9e58eb1fde99c09afc30cbc245bb,,,,,,needs_stack_face_polygons,
egg pic data/WhatsApp Image 2026-07-03 at 12.04.14 PM.jpeg,d85f2f7a46a28b01af255e4658a35993c35a20e1e6151799554bc1f793603ecf,,,,,,needs_stack_face_polygons,
egg pic data/WhatsApp Image 2026-07-03 at 12.04.17 PM.jpeg,2cd606050e6c83059a3ca1a5b1496ae6bff3fec4a6c961f7c184dbd9a7be8ea0,,,,,,needs_stack_face_polygons,
egg pic data/WhatsApp Image 2026-07-03 at 12.04.25 PM.jpeg,02eb401919c468bea1208e2b6bf0d9479eaebaf000448c4ef4b50029d5db5189,,,,,,needs_stack_face_polygons,
