id,scene_type,material,label,v2,error,abs_error,pct_error,exact
1,block_face,dark_green_plastic,99,101,2,2,2.0,False
2,block_face,green_plastic,80,81,1,1,1.2,False
3,block_face,green_plastic,80,60,-20,20,-25.0,False
4,block_face,green_plastic,115,110,-5,5,-4.3,False
5,block_face,green_plastic,235,13,-222,222,-94.5,False
6,loose_trays,mixed_plastic,4,4,0,0,0.0,True
7,loose_trays,mixed_plastic,4,10,6,6,150.0,False
8,block_face,green_plastic,160,157,-3,3,-1.9,False
9,block_face,green_plastic,75,71,-4,4,-5.3,False
10,block_face,paper_pulp,30,38,8,8,26.7,False
11,mixed,mixed_plastic,8,4,-4,4,-50.0,False
12,block_face,orange_plastic,205,0,-205,205,-100.0,False
13,block_face,orange_plastic,204,0,-204,204,-100.0,False
14,block_face,orange_plastic,132,69,-63,63,-47.7,False
15,block_face,orange_plastic,62,15,-47,47,-75.8,False
16,block_face,orange_plastic,119,130,11,11,9.2,False
17,block_face,orange_plastic,109,60,-49,49,-45.0,False
18,block_face,orange_plastic,129,126,-3,3,-2.3,False
19,block_face,green_plastic,100,100,0,0,0.0,True
20,block_face,green_plastic,60,63,3,3,5.0,False
21,block_face,green_plastic,100,101,1,1,1.0,False
22,block_face,orange_plastic,119,126,7,7,5.9,False
23,block_face,green_plastic,160,157,-3,3,-1.9,False
24,block_face,green_plastic,100,101,1,1,1.0,False
25,block_face,green_plastic,80,18,-62,62,-77.5,False
26,block_face,green_plastic,125,84,-41,41,-32.8,False
27,block_face,green_plastic,80,20,-60,60,-75.0,False
28,block_face,green_plastic,143,86,-57,57,-39.9,False
29,block_face,green_plastic,130,51,-79,79,-60.8,False
30,block_face,green_plastic,80,81,1,1,1.2,False
31,block_face,green_plastic,80,52,-28,28,-35.0,False
32,single_stack,green_plastic,19,24,5,5,26.3,False
33,block_face,orange_plastic,358,1,-357,357,-99.7,False
34,block_face,dark_green_plastic,120,125,5,5,4.2,False
35,loose_trays,green_plastic,1,1,0,0,0.0,True
36,block_face,orange_plastic,109,117,8,8,7.3,False
37,loose_trays,mixed_plastic,4,11,7,7,175.0,False
38,block_face,green_plastic,118,94,-24,24,-20.3,False
39,loose_trays,green_plastic,2,5,3,3,150.0,False
40,mixed,mixed_plastic,10,4,-6,6,-60.0,False
41,block_face,green_plastic,81,49,-32,32,-39.5,False
42,block_face,green_plastic,180,17,-163,163,-90.6,False
43,mixed,orange_plastic,5,7,2,2,40.0,False
44,block_face,green_plastic,185,99,-86,86,-46.5,False
45,block_face,green_plastic,107,21,-86,86,-80.4,False
46,single_stack,green_plastic,20,18,-2,2,-10.0,False
47,single_stack,green_plastic,7,7,0,0,0.0,True
48,block_face,green_plastic,180,16,-164,164,-91.1,False
49,loose_trays,paper_pulp,1,1,0,0,0.0,True
50,block_face,green_plastic,40,35,-5,5,-12.5,False
51,block_face,green_plastic,262,78,-184,184,-70.2,False
52,mixed,mixed_plastic,25,20,-5,5,-20.0,False
