scene_id,image_id,current_split,view,true_total_trays,true_total_eggs,number_of_stacks,stack_counts_if_known,lighting,distance,camera_angle,occlusion_level,tray_type,source_path,review_status,notes
,16685e90ac8c0dd5b226,train,UNKNOWN,,,,,,,,,,C:\Users\dharani\Downloads\Egg-Tray-Counter.yolov8 (1)\train\images\WhatsApp Image 2026-07-03 at 11-57-01 (1)_jpeg.rf.zfgb9sOl0mnr43kwwiq3.jpeg,needs_human_scene_and_ground_truth_review,Do not train or resplit from this row until scene_id and view are verified.
,a967185b72a76fe4f4ed,train,UNKNOWN,,,,,,,,,,C:\Users\dharani\Downloads\Egg-Tray-Counter.yolov8 (1)\train\images\WhatsApp Image 2026-07-03 at 11-57-02_jpeg.rf.iDwMoXHipeFP0XIO0k3Y.jpeg,needs_human_scene_and_ground_truth_review,Do not train or resplit from this row until scene_id and view are verified.
,7321fbf57a2a59fbe92f,train,UNKNOWN,,,,,,,,,,C:\Users\dharani\Downloads\Egg-Tray-Counter.yolov8 (1)\train\images\WhatsApp Image 2026-07-03 at 11-57-05_jpeg.rf.mA0MoR3CdrGRxjr4gNAE.jpeg,needs_human_scene_and_ground_truth_review,Do not train or resplit from this row until scene_id and view are verified.
,8cf21842b7f726424ebf,train,UNKNOWN,,,,,,,,,,C:\Users\dharani\Downloads\Egg-Tray-Counter.yolov8 (1)\train\images\WhatsApp Image 2026-07-03 at 11-57-09 (1)_jpeg.rf.kIbm1ucsw1tEPHAe06LH.jpeg,needs_human_scene_and_ground_truth_review,Do not train or resplit from this row until scene_id and view are verified.
,5fcf798347401b5f7d9a,train,UNKNOWN,,,,,,,,,,C:\Users\dharani\Downloads\Egg-Tray-Counter.yolov8 (1)\train\images\WhatsApp Image 2026-07-03 at 11-57-10_jpeg.rf.zcyr7dezW2QA2amfwZ3n.jpeg,needs_human_scene_and_ground_truth_review,Do not train or resplit from this row until scene_id and view are verified.
,f2d1c674f52306c0318a,train,UNKNOWN,,,,,,,,,,C:\Users\dharani\Downloads\Egg-Tray-Counter.yolov8 (1)\train\images\WhatsApp Image 2026-07-03 at 11-57-16_jpeg.rf.kUCiyTYUG3iZOE6kjeKe.jpeg,needs_human_scene_and_ground_truth_review,Do not train or resplit from this row until scene_id and view are verified.
,fb5bd22bfe8d1b3da171,train,UNKNOWN,,,,,,,,,,C:\Users\dharani\Downloads\Egg-Tray-Counter.yolov8 (1)\train\images\WhatsApp Image 2026-07-03 at 11-57-17 (2)_jpeg.rf.iECh2xLEgym5rdfgKB4O.jpeg,needs_human_scene_and_ground_truth_review,Do not train or resplit from this row until scene_id and view are verified.
,9aa85d992c70e74dc8c9,train,UNKNOWN,,,,,,,,,,C:\Users\dharani\Downloads\Egg-Tray-Counter.yolov8 (1)\train\images\WhatsApp Image 2026-07-03 at 11-57-17_jpeg.rf.yYtOeoLmvxh5siz5Ais8.jpeg,needs_human_scene_and_ground_truth_review,Do not train or resplit from this row until scene_id and view are verified.
,b7c244ddfb384f38447e,train,UNKNOWN,,,,,,,,,,C:\Users\dharani\Downloads\Egg-Tray-Counter.yolov8 (1)\train\images\WhatsApp Image 2026-07-03 at 11-57-18 (1)_jpeg.rf.imm0Utj2EkHrCQx9LTi9.jpeg,needs_human_scene_and_ground_truth_review,Do not train or resplit from this row until scene_id and view are verified.
,c0787e5dfab960ca1425,train,UNKNOWN,,,,,,,,,,C:\Users\dharani\Downloads\Egg-Tray-Counter.yolov8 (1)\train\images\WhatsApp Image 2026-07-03 at 11-57-20 (2)_jpeg.rf.hoHdazht0bBTWPLfo3xW.jpeg,needs_human_scene_and_ground_truth_review,Do not train or resplit from this row until scene_id and view are verified.
,a63e3532c9850d20b4c2,train,UNKNOWN,,,,,,,,,,C:\Users\dharani\Downloads\Egg-Tray-Counter.yolov8 (1)\train\images\WhatsApp Image 2026-07-03 at 11-57-21_jpeg.rf.YzTVEp2fx5wHPUlqtJOP.jpeg,needs_human_scene_and_ground_truth_review,Do not train or resplit from this row until scene_id and view are verified.
,590d04ebc340cf3b9cb4,train,UNKNOWN,,,,,,,,,,C:\Users\dharani\Downloads\Egg-Tray-Counter.yolov8 (1)\train\images\WhatsApp Image 2026-07-03 at 11-57-23_jpeg.rf.aXsZvizvpaHA3lXZhdzI.jpeg,needs_human_scene_and_ground_truth_review,Do not train or resplit from this row until scene_id and view are verified.
,91faf9ffb18cc8964721,train,UNKNOWN,,,,,,,,,,C:\Users\dharani\Downloads\Egg-Tray-Counter.yolov8 (1)\train\images\WhatsApp Image 2026-07-03 at 11-57-28 (1)_jpeg.rf.lHslkDaniHt1xdUvBrDa.jpeg,needs_human_scene_and_ground_truth_review,Do not train or resplit from this row until scene_id and view are verified.
,3569ca230ac9808eaf77,train,UNKNOWN,,,,,,,,,,C:\Users\dharani\Downloads\Egg-Tray-Counter.yolov8 (1)\train\images\WhatsApp Image 2026-07-03 at 11-57-32 (1)_jpeg.rf.WrQ9NyPDXfdcULwrot06.jpeg,needs_human_scene_and_ground_truth_review,Do not train or resplit from this row until scene_id and view are verified.
,8b866324b4890646cd22,train,UNKNOWN,,,,,,,,,,C:\Users\dharani\Downloads\Egg-Tray-Counter.yolov8 (1)\train\images\WhatsApp Image 2026-07-03 at 11-57-35_jpeg.rf.dZ19MdRs17pqrKdXfjKQ.jpeg,needs_human_scene_and_ground_truth_review,Do not train or resplit from this row until scene_id and view are verified.
,a0eaf3b3a056decfaca1,train,UNKNOWN,,,,,,,,,,C:\Users\dharani\Downloads\Egg-Tray-Counter.yolov8 (1)\train\images\WhatsApp Image 2026-07-03 at 11-57-37_jpeg.rf.zl0DuRCnNhHSp2JE9Ngk.jpeg,needs_human_scene_and_ground_truth_review,Do not train or resplit from this row until scene_id and view are verified.
,ebad10b14d6ec2c6b534,train,UNKNOWN,,,,,,,,,,C:\Users\dharani\Downloads\Egg-Tray-Counter.yolov8 (1)\train\images\WhatsApp Image 2026-07-03 at 11-57-38_jpeg.rf.mg7n388FM8Qtoy37zzCV.jpeg,needs_human_scene_and_ground_truth_review,Do not train or resplit from this row until scene_id and view are verified.
,3d1b17fec0e135d3a3ff,train,UNKNOWN,,,,,,,,,,C:\Users\dharani\Downloads\Egg-Tray-Counter.yolov8 (1)\train\images\WhatsApp Image 2026-07-03 at 11-57-41 (1)_jpeg.rf.bqQmiLwiU9rRE4ASLHpW.jpeg,needs_human_scene_and_ground_truth_review,Do not train or resplit from this row until scene_id and view are verified.
,ba00c5508b9b05251661,train,UNKNOWN,,,,,,,,,,C:\Users\dharani\Downloads\Egg-Tray-Counter.yolov8 (1)\train\images\WhatsApp Image 2026-07-03 at 11-57-43 (1)_jpeg.rf.v8worUAsjqjwEzKgQPJ4.jpeg,needs_human_scene_and_ground_truth_review,Do not train or resplit from this row until scene_id and view are verified.
,66248568c8810c7503e4,train,UNKNOWN,,,,,,,,,,C:\Users\dharani\Downloads\Egg-Tray-Counter.yolov8 (1)\train\images\WhatsApp Image 2026-07-03 at 11-57-45 (1)_jpeg.rf.dUDxM4QAxM6mbLHwTfx6.jpeg,needs_human_scene_and_ground_truth_review,Do not train or resplit from this row until scene_id and view are verified.
,21fab614bf7ec2361ba2,train,UNKNOWN,,,,,,,,,,C:\Users\dharani\Downloads\Egg-Tray-Counter.yolov8 (1)\train\images\WhatsApp Image 2026-07-03 at 11-57-47_jpeg.rf.pczcgbY2U0RPwoPB5NTp.jpeg,needs_human_scene_and_ground_truth_review,Do not train or resplit from this row until scene_id and view are verified.
,1ee2485148239d37ef15,train,UNKNOWN,,,,,,,,,,C:\Users\dharani\Downloads\Egg-Tray-Counter.yolov8 (1)\train\images\WhatsApp Image 2026-07-03 at 11-57-50_jpeg.rf.ZsD7tvyanU7Um2nBNfHy.jpeg,needs_human_scene_and_ground_truth_review,Do not train or resplit from this row until scene_id and view are verified.
,41a1e5bfcf14ef8ed43e,train,UNKNOWN,,,,,,,,,,C:\Users\dharani\Downloads\Egg-Tray-Counter.yolov8 (1)\train\images\WhatsApp Image 2026-07-03 at 11-57-52 (1)_jpeg.rf.zjHY9UWh7NFxLvQd5l3q.jpeg,needs_human_scene_and_ground_truth_review,Do not train or resplit from this row until scene_id and view are verified.
,dee13c08225cdc3360af,train,UNKNOWN,,,,,,,,,,C:\Users\dharani\Downloads\Egg-Tray-Counter.yolov8 (1)\train\images\WhatsApp Image 2026-07-03 at 11-57-54 (1)_jpeg.rf.lRomeWVbCLWf5QeTIRUk.jpeg,needs_human_scene_and_ground_truth_review,Do not train or resplit from this row until scene_id and view are verified.
,8fa03876c20d362cde94,train,UNKNOWN,,,,,,,,,,C:\Users\dharani\Downloads\Egg-Tray-Counter.yolov8 (1)\train\images\WhatsApp Image 2026-07-03 at 11-57-58_jpeg.rf.goyvsn08dNk3vuBnEzim.jpeg,needs_human_scene_and_ground_truth_review,Do not train or resplit from this row until scene_id and view are verified.
,f6ab7d54c2a36c747ca8,train,UNKNOWN,,,,,,,,,,C:\Users\dharani\Downloads\Egg-Tray-Counter.yolov8 (1)\train\images\WhatsApp Image 2026-07-03 at 11-58-00 (1)_jpeg.rf.i7jHVthRhRO3wIU1brHY.jpeg,needs_human_scene_and_ground_truth_review,Do not train or resplit from this row until scene_id and view are verified.
,a2716eab9b66aa79ee0f,train,UNKNOWN,,,,,,,,,,C:\Users\dharani\Downloads\Egg-Tray-Counter.yolov8 (1)\train\images\WhatsApp Image 2026-07-03 at 11-58-22 (1)_jpeg.rf.zRdwVbLeO5LlSvAodekW.jpeg,needs_human_scene_and_ground_truth_review,Do not train or resplit from this row until scene_id and view are verified.
,fbe0d59572aabedc2e11,train,UNKNOWN,,,,,,,,,,C:\Users\dharani\Downloads\Egg-Tray-Counter.yolov8 (1)\train\images\WhatsApp Image 2026-07-03 at 11-58-23 (1)_jpeg.rf.mF965rRrsAZfYSmGL2vS.jpeg,needs_human_scene_and_ground_truth_review,Do not train or resplit from this row until scene_id and view are verified.
,185176b841d0e5f87c5e,train,UNKNOWN,,,,,,,,,,C:\Users\dharani\Downloads\Egg-Tray-Counter.yolov8 (1)\train\images\WhatsApp Image 2026-07-03 at 11-58-23 (2)_jpeg.rf.cBYjLVCYZ5VrNJs7POKJ.jpeg,needs_human_scene_and_ground_truth_review,Do not train or resplit from this row until scene_id and view are verified.
,4b062b366d4ee176d29c,train,UNKNOWN,,,,,,,,,,C:\Users\dharani\Downloads\Egg-Tray-Counter.yolov8 (1)\train\images\WhatsApp Image 2026-07-03 at 11-58-26_jpeg.rf.Xpu9dABNWBUaya7zSQCw.jpeg,needs_human_scene_and_ground_truth_review,Do not train or resplit from this row until scene_id and view are verified.
,5a97b316e66f4e774e26,train,UNKNOWN,,,,,,,,,,C:\Users\dharani\Downloads\Egg-Tray-Counter.yolov8 (1)\train\images\WhatsApp Image 2026-07-03 at 11-58-27_jpeg.rf.i0h9YhupsHIvla9qVeVG.jpeg,needs_human_scene_and_ground_truth_review,Do not train or resplit from this row until scene_id and view are verified.
,ad0d90b9a62635f78bcc,train,UNKNOWN,,,,,,,,,,C:\Users\dharani\Downloads\Egg-Tray-Counter.yolov8 (1)\train\images\WhatsApp Image 2026-07-03 at 11-58-30_jpeg.rf.bQ5usKxiPk8i9QBEbeDe.jpeg,needs_human_scene_and_ground_truth_review,Do not train or resplit from this row until scene_id and view are verified.
,d95f511f72220ec9919a,train,UNKNOWN,,,,,,,,,,C:\Users\dharani\Downloads\Egg-Tray-Counter.yolov8 (1)\train\images\WhatsApp Image 2026-07-03 at 11-58-37_jpeg.rf.qTnJrZblLDtg13jYiTYR.jpeg,needs_human_scene_and_ground_truth_review,Do not train or resplit from this row until scene_id and view are verified.
,3b3ed50fdc6b4236e467,train,UNKNOWN,,,,,,,,,,C:\Users\dharani\Downloads\Egg-Tray-Counter.yolov8 (1)\train\images\WhatsApp Image 2026-07-03 at 11-58-42 (2)_jpeg.rf.fpksSWM5bIXMbtawrKSc.jpeg,needs_human_scene_and_ground_truth_review,Do not train or resplit from this row until scene_id and view are verified.
,74c1c55c022a4b7dd1f6,train,UNKNOWN,,,,,,,,,,C:\Users\dharani\Downloads\Egg-Tray-Counter.yolov8 (1)\train\images\WhatsApp Image 2026-07-03 at 11-58-43_jpeg.rf.pm7vjAnBB6x99hCtg7Iz.jpeg,needs_human_scene_and_ground_truth_review,Do not train or resplit from this row until scene_id and view are verified.
,98d66ec21cca75d245dd,train,UNKNOWN,,,,,,,,,,C:\Users\dharani\Downloads\Egg-Tray-Counter.yolov8 (1)\train\images\WhatsApp Image 2026-07-03 at 11-58-45 (1)_jpeg.rf.ZfqC6bVh4j1jBhCzoZMk.jpeg,needs_human_scene_and_ground_truth_review,Do not train or resplit from this row until scene_id and view are verified.
,1f4e07b914f69cf7734a,train,UNKNOWN,,,,,,,,,,C:\Users\dharani\Downloads\Egg-Tray-Counter.yolov8 (1)\train\images\WhatsApp Image 2026-07-03 at 11-58-45_jpeg.rf.jKrIpdjKuxwt2CALS23L.jpeg,needs_human_scene_and_ground_truth_review,Do not train or resplit from this row until scene_id and view are verified.
,6230e5bfdf3c5cd5e6ec,train,UNKNOWN,,,,,,,,,,C:\Users\dharani\Downloads\Egg-Tray-Counter.yolov8 (1)\train\images\WhatsApp Image 2026-07-03 at 11-58-55_jpeg.rf.h5uieAcUcy5jod4AtLU9.jpeg,needs_human_scene_and_ground_truth_review,Do not train or resplit from this row until scene_id and view are verified.
,32766c4e23b881d53bb7,train,UNKNOWN,,,,,,,,,,C:\Users\dharani\Downloads\Egg-Tray-Counter.yolov8 (1)\train\images\WhatsApp Image 2026-07-03 at 11-58-56 (1)_jpeg.rf.XFedYt5A5YeqDdlnXiOq.jpeg,needs_human_scene_and_ground_truth_review,Do not train or resplit from this row until scene_id and view are verified.
,12be1ee147e868b1bbb1,train,UNKNOWN,,,,,,,,,,C:\Users\dharani\Downloads\Egg-Tray-Counter.yolov8 (1)\train\images\WhatsApp Image 2026-07-03 at 11-59-00_jpeg.rf.ZrfO9eMndilpMQ5RgPq5.jpeg,needs_human_scene_and_ground_truth_review,Do not train or resplit from this row until scene_id and view are verified.
,ac61c8adecb352729427,train,UNKNOWN,,,,,,,,,,C:\Users\dharani\Downloads\Egg-Tray-Counter.yolov8 (1)\train\images\WhatsApp Image 2026-07-03 at 11-59-01_jpeg.rf.dIFdPgh6mPjb3Fjk807o.jpeg,needs_human_scene_and_ground_truth_review,Do not train or resplit from this row until scene_id and view are verified.
,015c90fdb6fdfca1f073,train,UNKNOWN,,,,,,,,,,C:\Users\dharani\Downloads\Egg-Tray-Counter.yolov8 (1)\train\images\WhatsApp Image 2026-07-03 at 12-00-27_jpeg.rf.yNc8LYCiO65RaRsqxJwp.jpeg,needs_human_scene_and_ground_truth_review,Do not train or resplit from this row until scene_id and view are verified.
,58e3494ec16549e0f358,train,UNKNOWN,,,,,,,,,,C:\Users\dharani\Downloads\Egg-Tray-Counter.yolov8 (1)\train\images\WhatsApp Image 2026-07-03 at 12-00-34_jpeg.rf.kVzEh07yC95P7qEpWQ9w.jpeg,needs_human_scene_and_ground_truth_review,Do not train or resplit from this row until scene_id and view are verified.
,3c10ced76389577195fa,train,UNKNOWN,,,,,,,,,,C:\Users\dharani\Downloads\Egg-Tray-Counter.yolov8 (1)\train\images\WhatsApp Image 2026-07-03 at 12-00-40_jpeg.rf.ov87GDTsWSOLwfyhS0RW.jpeg,needs_human_scene_and_ground_truth_review,Do not train or resplit from this row until scene_id and view are verified.
,79864ee402436557415d,train,UNKNOWN,,,,,,,,,,C:\Users\dharani\Downloads\Egg-Tray-Counter.yolov8 (1)\train\images\WhatsApp Image 2026-07-03 at 12-00-51_jpeg.rf.qyrSkiqXfQ0akef4ODjm.jpeg,needs_human_scene_and_ground_truth_review,Do not train or resplit from this row until scene_id and view are verified.
,d7c9bd5da8895bca07a0,train,UNKNOWN,,,,,,,,,,C:\Users\dharani\Downloads\Egg-Tray-Counter.yolov8 (1)\train\images\WhatsApp Image 2026-07-03 at 12-00-52 (1)_jpeg.rf.u1npBl7FFoa9DIxKMXc2.jpeg,needs_human_scene_and_ground_truth_review,Do not train or resplit from this row until scene_id and view are verified.
,325eea7a97150b496d15,train,UNKNOWN,,,,,,,,,,C:\Users\dharani\Downloads\Egg-Tray-Counter.yolov8 (1)\train\images\WhatsApp Image 2026-07-03 at 12-00-54_jpeg.rf.sdeXG0SQPtHb3Z93RFgo.jpeg,needs_human_scene_and_ground_truth_review,Do not train or resplit from this row until scene_id and view are verified.
,97c3279e2d30b6f42ce1,train,UNKNOWN,,,,,,,,,,C:\Users\dharani\Downloads\Egg-Tray-Counter.yolov8 (1)\train\images\WhatsApp Image 2026-07-03 at 12-01-08 (1)_jpeg.rf.vI8scr3Ioyy8dnnHulz3.jpeg,needs_human_scene_and_ground_truth_review,Do not train or resplit from this row until scene_id and view are verified.
,e23f8e171cc5742b551a,train,UNKNOWN,,,,,,,,,,C:\Users\dharani\Downloads\Egg-Tray-Counter.yolov8 (1)\train\images\WhatsApp Image 2026-07-03 at 12-01-08_jpeg.rf.qcRgWfGIU2A0BxKuIKOv.jpeg,needs_human_scene_and_ground_truth_review,Do not train or resplit from this row until scene_id and view are verified.
,f90557f4640b942981a0,train,UNKNOWN,,,,,,,,,,C:\Users\dharani\Downloads\Egg-Tray-Counter.yolov8 (1)\train\images\WhatsApp Image 2026-07-03 at 12-01-09 (1)_jpeg.rf.yezCkKXSBobsltVtqid5.jpeg,needs_human_scene_and_ground_truth_review,Do not train or resplit from this row until scene_id and view are verified.
,f2dc4416ff8058490f92,train,UNKNOWN,,,,,,,,,,C:\Users\dharani\Downloads\Egg-Tray-Counter.yolov8 (1)\train\images\WhatsApp Image 2026-07-03 at 12-01-13 (1)_jpeg.rf.xIPY6A9HgPy0gl960zyF.jpeg,needs_human_scene_and_ground_truth_review,Do not train or resplit from this row until scene_id and view are verified.
,2a44333649367eba470b,train,UNKNOWN,,,,,,,,,,C:\Users\dharani\Downloads\Egg-Tray-Counter.yolov8 (1)\train\images\WhatsApp Image 2026-07-03 at 12-01-13_jpeg.rf.YIoqLZuwYOmJtOJqkQ1n.jpeg,needs_human_scene_and_ground_truth_review,Do not train or resplit from this row until scene_id and view are verified.
,41538e48f52c0a7d126e,train,UNKNOWN,,,,,,,,,,C:\Users\dharani\Downloads\Egg-Tray-Counter.yolov8 (1)\train\images\WhatsApp Image 2026-07-03 at 12-01-15 (1)_jpeg.rf.gJXHC6H8p9mwwHek4i8g.jpeg,needs_human_scene_and_ground_truth_review,Do not train or resplit from this row until scene_id and view are verified.
,4762141635d7aa03268c,train,UNKNOWN,,,,,,,,,,C:\Users\dharani\Downloads\Egg-Tray-Counter.yolov8 (1)\train\images\WhatsApp Image 2026-07-03 at 12-02-55 PM_jpeg.rf.XsGZJN9BTPdAAeo2uLdw.jpeg,needs_human_scene_and_ground_truth_review,Do not train or resplit from this row until scene_id and view are verified.
,44aa15217c629921ce5f,train,UNKNOWN,,,,,,,,,,C:\Users\dharani\Downloads\Egg-Tray-Counter.yolov8 (1)\train\images\WhatsApp Image 2026-07-03 at 12-03-16 PM (2)_jpeg.rf.dQiR4eUlJUF9esyu0vyY.jpeg,needs_human_scene_and_ground_truth_review,Do not train or resplit from this row until scene_id and view are verified.
,d328c4489632a61b2071,train,UNKNOWN,,,,,,,,,,C:\Users\dharani\Downloads\Egg-Tray-Counter.yolov8 (1)\train\images\WhatsApp Video 2026-07-03 at 12_02_29 PM_mp4-0001_jpg.rf.tC0UJEvNmBuazE0kWwiu.jpg,needs_human_scene_and_ground_truth_review,Do not train or resplit from this row until scene_id and view are verified.
,e145a7c762d70711c7be,train,UNKNOWN,,,,,,,,,,C:\Users\dharani\Downloads\Egg-Tray-Counter.yolov8 (1)\train\images\WhatsApp Video 2026-07-03 at 12_04_04 PM_mp4-0002_jpg.rf.WksZoRcjnlafdYqHDXur.jpg,needs_human_scene_and_ground_truth_review,Do not train or resplit from this row until scene_id and view are verified.
,2bd09fc07625afe38c25,valid,UNKNOWN,,,,,,,,,,C:\Users\dharani\Downloads\Egg-Tray-Counter.yolov8 (1)\valid\images\WhatsApp Image 2026-07-03 at 11-56-54_jpeg.rf.HlukUC8zNO5CytsDNk3Z.jpeg,needs_human_scene_and_ground_truth_review,Do not train or resplit from this row until scene_id and view are verified.
,461de1ec4a17c9a3f453,valid,UNKNOWN,,,,,,,,,,C:\Users\dharani\Downloads\Egg-Tray-Counter.yolov8 (1)\valid\images\WhatsApp Image 2026-07-03 at 11-56-55_jpeg.rf.Lkxx5do53XcQPcgOt5HL.jpeg,needs_human_scene_and_ground_truth_review,Do not train or resplit from this row until scene_id and view are verified.
,14dbc45a33c3a27279e0,valid,UNKNOWN,,,,,,,,,,C:\Users\dharani\Downloads\Egg-Tray-Counter.yolov8 (1)\valid\images\WhatsApp Image 2026-07-03 at 11-57-00_jpeg.rf.TsO1xnKK6NDMi9oTOQ7g.jpeg,needs_human_scene_and_ground_truth_review,Do not train or resplit from this row until scene_id and view are verified.
,26edca8a75a9d380e018,valid,UNKNOWN,,,,,,,,,,C:\Users\dharani\Downloads\Egg-Tray-Counter.yolov8 (1)\valid\images\WhatsApp Image 2026-07-03 at 11-58-08 (2)_jpeg.rf.TrlfMmSZj1W7GLgyxw5y.jpeg,needs_human_scene_and_ground_truth_review,Do not train or resplit from this row until scene_id and view are verified.
,ccf833d6419f0aed1a4d,valid,UNKNOWN,,,,,,,,,,C:\Users\dharani\Downloads\Egg-Tray-Counter.yolov8 (1)\valid\images\WhatsApp Image 2026-07-03 at 12-00-43_jpeg.rf.TQGT8UVNCTajErLBPZlQ.jpeg,needs_human_scene_and_ground_truth_review,Do not train or resplit from this row until scene_id and view are verified.
,e0f00e2e506f411a0b91,valid,UNKNOWN,,,,,,,,,,C:\Users\dharani\Downloads\Egg-Tray-Counter.yolov8 (1)\valid\images\WhatsApp Video 2026-07-03 at 12_02_29_mp4-0000_jpg.rf.K2UzQcxqrpzih3hmBce5.jpg,needs_human_scene_and_ground_truth_review,Do not train or resplit from this row until scene_id and view are verified.
,4cd1abed9a60a4c45bac,valid,UNKNOWN,,,,,,,,,,C:\Users\dharani\Downloads\Egg-Tray-Counter.yolov8 (1)\valid\images\WhatsApp Video 2026-07-03 at 12_04_04 PM_mp4-0001_jpg.rf.2DbeNpo4AIBk1k3uH9vc.jpg,needs_human_scene_and_ground_truth_review,Do not train or resplit from this row until scene_id and view are verified.
,a1843591fc331694b11f,test,UNKNOWN,,,,,,,,,,C:\Users\dharani\Downloads\Egg-Tray-Counter.yolov8 (1)\test\images\WhatsApp Image 2026-07-03 at 11-57-20_jpeg.rf.V4VIRRWhPu2ynxwvr2rF.jpeg,needs_human_scene_and_ground_truth_review,Do not train or resplit from this row until scene_id and view are verified.
,78cc2f94596b1e76295e,test,UNKNOWN,,,,,,,,,,C:\Users\dharani\Downloads\Egg-Tray-Counter.yolov8 (1)\test\images\WhatsApp Image 2026-07-03 at 11-57-31_jpeg.rf.TvlOHECmSwAI7srFlaQa.jpeg,needs_human_scene_and_ground_truth_review,Do not train or resplit from this row until scene_id and view are verified.
,3eef594bf505b0f40ab1,test,UNKNOWN,,,,,,,,,,C:\Users\dharani\Downloads\Egg-Tray-Counter.yolov8 (1)\test\images\WhatsApp Image 2026-07-03 at 11-58-00 (2)_jpeg.rf.UXbrvcXgrLv3gShQgLpj.jpeg,needs_human_scene_and_ground_truth_review,Do not train or resplit from this row until scene_id and view are verified.
,bb2b695f926199caecaa,test,UNKNOWN,,,,,,,,,,C:\Users\dharani\Downloads\Egg-Tray-Counter.yolov8 (1)\test\images\WhatsApp Image 2026-07-03 at 11-58-39_jpeg.rf.VtJwc4mxtGR0Mx4UvxEm.jpeg,needs_human_scene_and_ground_truth_review,Do not train or resplit from this row until scene_id and view are verified.
,43409f4aee1d3653f129,test,UNKNOWN,,,,,,,,,,C:\Users\dharani\Downloads\Egg-Tray-Counter.yolov8 (1)\test\images\WhatsApp Image 2026-07-03 at 11-58-59 (1)_jpeg.rf.UyhfeGOwGxqgk4mb9PRK.jpeg,needs_human_scene_and_ground_truth_review,Do not train or resplit from this row until scene_id and view are verified.
,2b588d2747ad49e43c76,test,UNKNOWN,,,,,,,,,,C:\Users\dharani\Downloads\Egg-Tray-Counter.yolov8 (1)\test\images\WhatsApp Image 2026-07-03 at 12-00-52_jpeg.rf.VgqHMF6ILmU0Im12JpDx.jpeg,needs_human_scene_and_ground_truth_review,Do not train or resplit from this row until scene_id and view are verified.
,d2bd506506e93f9be28e,train,UNKNOWN,,,,,,,,,,C:\Users\dharani\Documents\Codex\2026-08-20\roboflow-plugin-roboflow-roboflow-build-a\outputs\egg-tray-counter\datasets\roboflow_auto_original\train\images\WhatsApp-Image-2026-07-03-at-11-58-24-AM_jpeg.rf.e1b1ba31d5399bdbcd26bcb062e44cf9.jpg,needs_human_scene_and_ground_truth_review,Do not train or resplit from this row until scene_id and view are verified.
,3eb351160e913c9a5aab,train,UNKNOWN,,,,,,,,,,C:\Users\dharani\Documents\Codex\2026-08-20\roboflow-plugin-roboflow-roboflow-build-a\outputs\egg-tray-counter\datasets\roboflow_auto_original\train\images\WhatsApp-Image-2026-07-03-at-11-58-59-AM-1-_jpeg.rf.12cfe94b5e077540a13ff4ef2b6b3695.jpg,needs_human_scene_and_ground_truth_review,Do not train or resplit from this row until scene_id and view are verified.
,c5daf74b8fbfc8789dc6,train,UNKNOWN,,,,,,,,,,C:\Users\dharani\Documents\Codex\2026-08-20\roboflow-plugin-roboflow-roboflow-build-a\outputs\egg-tray-counter\datasets\roboflow_auto_original\train\images\WhatsApp-Image-2026-07-03-at-11-58-59-AM_jpeg.rf.bc78b0f13cd9642423acf1380407f31c.jpg,needs_human_scene_and_ground_truth_review,Do not train or resplit from this row until scene_id and view are verified.
,a3d560ec5fa32afe89ac,train,UNKNOWN,,,,,,,,,,C:\Users\dharani\Documents\Codex\2026-08-20\roboflow-plugin-roboflow-roboflow-build-a\outputs\egg-tray-counter\datasets\roboflow_auto_original\train\images\WhatsApp-Image-2026-07-03-at-11-59-00-AM-2-_jpeg.rf.8faa5a7e964200a1a0201b7a5ffd0182.jpg,needs_human_scene_and_ground_truth_review,Do not train or resplit from this row until scene_id and view are verified.
,e0dc76ed696457a17808,train,UNKNOWN,,,,,,,,,,C:\Users\dharani\Documents\Codex\2026-08-20\roboflow-plugin-roboflow-roboflow-build-a\outputs\egg-tray-counter\datasets\roboflow_auto_original\train\images\WhatsApp-Image-2026-07-03-at-11-59-00-AM_jpeg.rf.6e8971eb11a534478fbecc255b9469b2.jpg,needs_human_scene_and_ground_truth_review,Do not train or resplit from this row until scene_id and view are verified.
,d3fabbb331719604cbae,train,UNKNOWN,,,,,,,,,,C:\Users\dharani\Documents\Codex\2026-08-20\roboflow-plugin-roboflow-roboflow-build-a\outputs\egg-tray-counter\datasets\roboflow_auto_original\train\images\WhatsApp-Image-2026-07-03-at-11-59-01-AM_jpeg.rf.17a992dc9f69a7536fb69c8b9bdb66a5.jpg,needs_human_scene_and_ground_truth_review,Do not train or resplit from this row until scene_id and view are verified.
,34a9af5f80456a3d326d,train,UNKNOWN,,,,,,,,,,C:\Users\dharani\Documents\Codex\2026-08-20\roboflow-plugin-roboflow-roboflow-build-a\outputs\egg-tray-counter\datasets\roboflow_auto_original\train\images\WhatsApp-Image-2026-07-03-at-11-59-02-AM_jpeg.rf.05c2d1b77c14b712f0d3ff31d25a2a4c.jpg,needs_human_scene_and_ground_truth_review,Do not train or resplit from this row until scene_id and view are verified.
,a14c60780049e7f5c569,train,UNKNOWN,,,,,,,,,,C:\Users\dharani\Documents\Codex\2026-08-20\roboflow-plugin-roboflow-roboflow-build-a\outputs\egg-tray-counter\datasets\roboflow_auto_original\train\images\WhatsApp-Image-2026-07-03-at-11-59-03-AM-1-_jpeg.rf.3111476f032840353faee63433ef3724.jpg,needs_human_scene_and_ground_truth_review,Do not train or resplit from this row until scene_id and view are verified.
,b15e59818418b79804bb,train,UNKNOWN,,,,,,,,,,C:\Users\dharani\Documents\Codex\2026-08-20\roboflow-plugin-roboflow-roboflow-build-a\outputs\egg-tray-counter\datasets\roboflow_auto_original\train\images\WhatsApp-Image-2026-07-03-at-11-59-03-AM_jpeg.rf.cd3a91e6a75a64a3055c4585924ee228.jpg,needs_human_scene_and_ground_truth_review,Do not train or resplit from this row until scene_id and view are verified.
,b4a1466bdb53edebd384,train,UNKNOWN,,,,,,,,,,C:\Users\dharani\Documents\Codex\2026-08-20\roboflow-plugin-roboflow-roboflow-build-a\outputs\egg-tray-counter\datasets\roboflow_auto_original\train\images\WhatsApp-Image-2026-07-03-at-11-59-04-AM_jpeg.rf.bfcf5ffe7656837e821e4508298bbea0.jpg,needs_human_scene_and_ground_truth_review,Do not train or resplit from this row until scene_id and view are verified.
,ef90383edaa57abfd5f0,train,UNKNOWN,,,,,,,,,,C:\Users\dharani\Documents\Codex\2026-08-20\roboflow-plugin-roboflow-roboflow-build-a\outputs\egg-tray-counter\datasets\roboflow_auto_original\train\images\WhatsApp-Image-2026-07-03-at-11-59-09-AM-1-_jpeg.rf.6d0f1a7b09693bcc889e211bf979ad59.jpg,needs_human_scene_and_ground_truth_review,Do not train or resplit from this row until scene_id and view are verified.
,6ea272837ea8e440860e,train,UNKNOWN,,,,,,,,,,C:\Users\dharani\Documents\Codex\2026-08-20\roboflow-plugin-roboflow-roboflow-build-a\outputs\egg-tray-counter\datasets\roboflow_auto_original\train\images\WhatsApp-Image-2026-07-03-at-12-00-24-PM-1-_jpeg.rf.ec01d0c6007e05e229426d0c261b150c.jpg,needs_human_scene_and_ground_truth_review,Do not train or resplit from this row until scene_id and view are verified.
,0e91a1c9ce4015a59823,train,UNKNOWN,,,,,,,,,,C:\Users\dharani\Documents\Codex\2026-08-20\roboflow-plugin-roboflow-roboflow-build-a\outputs\egg-tray-counter\datasets\roboflow_auto_original\train\images\WhatsApp-Image-2026-07-03-at-12-00-29-PM_jpeg.rf.9818070901574e0092d6cafa0e37ce6a.jpg,needs_human_scene_and_ground_truth_review,Do not train or resplit from this row until scene_id and view are verified.
,d840c16a733d06010b10,train,UNKNOWN,,,,,,,,,,C:\Users\dharani\Documents\Codex\2026-08-20\roboflow-plugin-roboflow-roboflow-build-a\outputs\egg-tray-counter\datasets\roboflow_auto_original\train\images\WhatsApp-Image-2026-07-03-at-12-00-40-PM-1-_jpeg.rf.d1dde0eeb4efecac33cbf2daf04c937e.jpg,needs_human_scene_and_ground_truth_review,Do not train or resplit from this row until scene_id and view are verified.
,9590ceca8ca176d0d246,train,UNKNOWN,,,,,,,,,,C:\Users\dharani\Documents\Codex\2026-08-20\roboflow-plugin-roboflow-roboflow-build-a\outputs\egg-tray-counter\datasets\roboflow_auto_original\train\images\WhatsApp-Image-2026-07-03-at-12-00-40-PM_jpeg.rf.ab3a7546ec75c99c71ebaf0d5fdd182d.jpg,needs_human_scene_and_ground_truth_review,Do not train or resplit from this row until scene_id and view are verified.
,806329c29d3aee5d41eb,train,UNKNOWN,,,,,,,,,,C:\Users\dharani\Documents\Codex\2026-08-20\roboflow-plugin-roboflow-roboflow-build-a\outputs\egg-tray-counter\datasets\roboflow_auto_original\train\images\WhatsApp-Image-2026-07-03-at-12-00-43-PM_jpeg.rf.e2af0266bdaac40b51e56e46e2da679d.jpg,needs_human_scene_and_ground_truth_review,Do not train or resplit from this row until scene_id and view are verified.
,54937ac50086892d55d2,train,UNKNOWN,,,,,,,,,,C:\Users\dharani\Documents\Codex\2026-08-20\roboflow-plugin-roboflow-roboflow-build-a\outputs\egg-tray-counter\datasets\roboflow_auto_original\train\images\WhatsApp-Image-2026-07-03-at-12-00-45-PM_jpeg.rf.4d7aa956bc0ac985c916dc816b038206.jpg,needs_human_scene_and_ground_truth_review,Do not train or resplit from this row until scene_id and view are verified.
,c2a9b50ff52dd7dda148,train,UNKNOWN,,,,,,,,,,C:\Users\dharani\Documents\Codex\2026-08-20\roboflow-plugin-roboflow-roboflow-build-a\outputs\egg-tray-counter\datasets\roboflow_auto_original\train\images\WhatsApp-Image-2026-07-03-at-12-00-46-PM_jpeg.rf.d24a7c79dc319e5535ba27f8e38070fa.jpg,needs_human_scene_and_ground_truth_review,Do not train or resplit from this row until scene_id and view are verified.
,5aae0b69f91f8bdcbbf7,train,UNKNOWN,,,,,,,,,,C:\Users\dharani\Documents\Codex\2026-08-20\roboflow-plugin-roboflow-roboflow-build-a\outputs\egg-tray-counter\datasets\roboflow_auto_original\train\images\WhatsApp-Image-2026-07-03-at-12-00-48-PM_jpeg.rf.d0fc076a235f4f656c10688b25e407a1.jpg,needs_human_scene_and_ground_truth_review,Do not train or resplit from this row until scene_id and view are verified.
,392dd4934876e29bf6cd,train,UNKNOWN,,,,,,,,,,C:\Users\dharani\Documents\Codex\2026-08-20\roboflow-plugin-roboflow-roboflow-build-a\outputs\egg-tray-counter\datasets\roboflow_auto_original\train\images\WhatsApp-Image-2026-07-03-at-12-00-49-PM_jpeg.rf.fcb4c696e7f3f0cbab61d262fbbe55d1.jpg,needs_human_scene_and_ground_truth_review,Do not train or resplit from this row until scene_id and view are verified.
,d65f3e32dafb42cc3b47,train,UNKNOWN,,,,,,,,,,C:\Users\dharani\Documents\Codex\2026-08-20\roboflow-plugin-roboflow-roboflow-build-a\outputs\egg-tray-counter\datasets\roboflow_auto_original\train\images\WhatsApp-Image-2026-07-03-at-12-00-50-PM_jpeg.rf.b73595eb08778df8982d5f219e9f9ea8.jpg,needs_human_scene_and_ground_truth_review,Do not train or resplit from this row until scene_id and view are verified.
,b7691c31de702d79b6d4,train,UNKNOWN,,,,,,,,,,C:\Users\dharani\Documents\Codex\2026-08-20\roboflow-plugin-roboflow-roboflow-build-a\outputs\egg-tray-counter\datasets\roboflow_auto_original\train\images\WhatsApp-Image-2026-07-03-at-12-01-01-PM_jpeg.rf.42f81c941eaf9e9993bcca62a848b48d.jpg,needs_human_scene_and_ground_truth_review,Do not train or resplit from this row until scene_id and view are verified.
,701dc00d30011aa4d1bb,train,UNKNOWN,,,,,,,,,,C:\Users\dharani\Documents\Codex\2026-08-20\roboflow-plugin-roboflow-roboflow-build-a\outputs\egg-tray-counter\datasets\roboflow_auto_original\train\images\WhatsApp-Image-2026-07-03-at-12-01-03-PM_jpeg.rf.d20a19c3dc902c2f4ef1644db8fb50b7.jpg,needs_human_scene_and_ground_truth_review,Do not train or resplit from this row until scene_id and view are verified.
,ab8c9531b80991831e2b,train,UNKNOWN,,,,,,,,,,C:\Users\dharani\Documents\Codex\2026-08-20\roboflow-plugin-roboflow-roboflow-build-a\outputs\egg-tray-counter\datasets\roboflow_auto_original\train\images\WhatsApp-Image-2026-07-03-at-12-01-05-PM-1-_jpeg.rf.f646cd1d16927879abd22ce86e4cb618.jpg,needs_human_scene_and_ground_truth_review,Do not train or resplit from this row until scene_id and view are verified.
,c1e45bba99bea2933155,train,UNKNOWN,,,,,,,,,,C:\Users\dharani\Documents\Codex\2026-08-20\roboflow-plugin-roboflow-roboflow-build-a\outputs\egg-tray-counter\datasets\roboflow_auto_original\train\images\WhatsApp-Image-2026-07-03-at-12-01-05-PM-2-_jpeg.rf.4cdc74e3890310b75588aa2eafda1fb1.jpg,needs_human_scene_and_ground_truth_review,Do not train or resplit from this row until scene_id and view are verified.
,578c66c24c822eff601b,train,UNKNOWN,,,,,,,,,,C:\Users\dharani\Documents\Codex\2026-08-20\roboflow-plugin-roboflow-roboflow-build-a\outputs\egg-tray-counter\datasets\roboflow_auto_original\train\images\WhatsApp-Image-2026-07-03-at-12-01-06-PM_jpeg.rf.50f66abd859f787489b2861c35fdb268.jpg,needs_human_scene_and_ground_truth_review,Do not train or resplit from this row until scene_id and view are verified.
,6e36e16710923cd99940,train,UNKNOWN,,,,,,,,,,C:\Users\dharani\Documents\Codex\2026-08-20\roboflow-plugin-roboflow-roboflow-build-a\outputs\egg-tray-counter\datasets\roboflow_auto_original\train\images\WhatsApp-Image-2026-07-03-at-12-01-07-PM-1-_jpeg.rf.00f0973e45e9781515f70538c70cf9d3.jpg,needs_human_scene_and_ground_truth_review,Do not train or resplit from this row until scene_id and view are verified.
,61bf5bc08bb254c6979b,train,UNKNOWN,,,,,,,,,,C:\Users\dharani\Documents\Codex\2026-08-20\roboflow-plugin-roboflow-roboflow-build-a\outputs\egg-tray-counter\datasets\roboflow_auto_original\train\images\WhatsApp-Image-2026-07-03-at-12-01-07-PM_jpeg.rf.4c2aabc4398bbe7043db83680de3dbc7.jpg,needs_human_scene_and_ground_truth_review,Do not train or resplit from this row until scene_id and view are verified.
,cf562ce0f6a3d606204a,train,UNKNOWN,,,,,,,,,,C:\Users\dharani\Documents\Codex\2026-08-20\roboflow-plugin-roboflow-roboflow-build-a\outputs\egg-tray-counter\datasets\roboflow_auto_original\train\images\WhatsApp-Image-2026-07-03-at-12-01-10-PM_jpeg.rf.cdf4d22829dcb30c71c20e76681ca199.jpg,needs_human_scene_and_ground_truth_review,Do not train or resplit from this row until scene_id and view are verified.
,2721453227aa78d464f0,train,UNKNOWN,,,,,,,,,,C:\Users\dharani\Documents\Codex\2026-08-20\roboflow-plugin-roboflow-roboflow-build-a\outputs\egg-tray-counter\datasets\roboflow_auto_original\train\images\WhatsApp-Image-2026-07-03-at-12-01-15-PM_jpeg.rf.52ba0c34ffacd7ce475972dda0b66e6e.jpg,needs_human_scene_and_ground_truth_review,Do not train or resplit from this row until scene_id and view are verified.
,08c3b9b331a572e9fbc9,train,UNKNOWN,,,,,,,,,,C:\Users\dharani\Documents\Codex\2026-08-20\roboflow-plugin-roboflow-roboflow-build-a\outputs\egg-tray-counter\datasets\roboflow_auto_original\train\images\WhatsApp-Image-2026-07-03-at-12-02-46-PM_jpeg.rf.54a1a686323b8ff972f5120e2206a619.jpg,needs_human_scene_and_ground_truth_review,Do not train or resplit from this row until scene_id and view are verified.
,9b375e96a00568fd4dc9,train,UNKNOWN,,,,,,,,,,C:\Users\dharani\Documents\Codex\2026-08-20\roboflow-plugin-roboflow-roboflow-build-a\outputs\egg-tray-counter\datasets\roboflow_auto_original\train\images\WhatsApp-Image-2026-07-03-at-12-02-47-PM_jpeg.rf.ec68dc1a276d6cec66d5ecb6613a0a6e.jpg,needs_human_scene_and_ground_truth_review,Do not train or resplit from this row until scene_id and view are verified.
,0faecfd1d67568472d95,train,UNKNOWN,,,,,,,,,,C:\Users\dharani\Documents\Codex\2026-08-20\roboflow-plugin-roboflow-roboflow-build-a\outputs\egg-tray-counter\datasets\roboflow_auto_original\train\images\WhatsApp-Image-2026-07-03-at-12-02-48-PM-1-_jpeg.rf.f9d56ab5c89c2790fa92c3e1c33e6fd2.jpg,needs_human_scene_and_ground_truth_review,Do not train or resplit from this row until scene_id and view are verified.
,71135eb061c4bb2834b5,train,UNKNOWN,,,,,,,,,,C:\Users\dharani\Documents\Codex\2026-08-20\roboflow-plugin-roboflow-roboflow-build-a\outputs\egg-tray-counter\datasets\roboflow_auto_original\train\images\WhatsApp-Image-2026-07-03-at-12-02-48-PM_jpeg.rf.c4716ce68d67769d9fbd3d0d7c78225b.jpg,needs_human_scene_and_ground_truth_review,Do not train or resplit from this row until scene_id and view are verified.
,a0bab6bc320585fa213a,train,UNKNOWN,,,,,,,,,,C:\Users\dharani\Documents\Codex\2026-08-20\roboflow-plugin-roboflow-roboflow-build-a\outputs\egg-tray-counter\datasets\roboflow_auto_original\train\images\WhatsApp-Image-2026-07-03-at-12-02-53-PM-1-_jpeg.rf.e7a8607611d17d6ffd7e8c81e7fbc372.jpg,needs_human_scene_and_ground_truth_review,Do not train or resplit from this row until scene_id and view are verified.
,49b6748456d7e630422e,train,UNKNOWN,,,,,,,,,,C:\Users\dharani\Documents\Codex\2026-08-20\roboflow-plugin-roboflow-roboflow-build-a\outputs\egg-tray-counter\datasets\roboflow_auto_original\train\images\WhatsApp-Image-2026-07-03-at-12-03-05-PM_jpeg.rf.01a930ef0cf0e2acb88ce749e17db70c.jpg,needs_human_scene_and_ground_truth_review,Do not train or resplit from this row until scene_id and view are verified.
,dd102925d9227b62b3cb,train,UNKNOWN,,,,,,,,,,C:\Users\dharani\Documents\Codex\2026-08-20\roboflow-plugin-roboflow-roboflow-build-a\outputs\egg-tray-counter\datasets\roboflow_auto_original\train\images\WhatsApp-Image-2026-07-03-at-12-03-11-PM-2-_jpeg.rf.84ae3f036cc8aa2b239004fe0a5571cb.jpg,needs_human_scene_and_ground_truth_review,Do not train or resplit from this row until scene_id and view are verified.
,140927627abaed6bc683,train,UNKNOWN,,,,,,,,,,C:\Users\dharani\Documents\Codex\2026-08-20\roboflow-plugin-roboflow-roboflow-build-a\outputs\egg-tray-counter\datasets\roboflow_auto_original\train\images\WhatsApp-Image-2026-07-03-at-12-03-13-PM-2-_jpeg.rf.9cb75bee8b485014d9a2931c8e326530.jpg,needs_human_scene_and_ground_truth_review,Do not train or resplit from this row until scene_id and view are verified.
,64472cf1c76cdee4bee1,train,UNKNOWN,,,,,,,,,,C:\Users\dharani\Documents\Codex\2026-08-20\roboflow-plugin-roboflow-roboflow-build-a\outputs\egg-tray-counter\datasets\roboflow_auto_original\train\images\WhatsApp-Image-2026-07-03-at-12-03-15-PM-2-_jpeg.rf.c4c365de891fb413a8824916dbb4353e.jpg,needs_human_scene_and_ground_truth_review,Do not train or resplit from this row until scene_id and view are verified.
,3505ce64952cae846b38,train,UNKNOWN,,,,,,,,,,C:\Users\dharani\Documents\Codex\2026-08-20\roboflow-plugin-roboflow-roboflow-build-a\outputs\egg-tray-counter\datasets\roboflow_auto_original\train\images\WhatsApp-Image-2026-07-03-at-12-04-10-PM_jpeg.rf.4295d23cbf7cf3a0d78e2a970eaf84fc.jpg,needs_human_scene_and_ground_truth_review,Do not train or resplit from this row until scene_id and view are verified.
,1a641b92752f95b017d5,train,UNKNOWN,,,,,,,,,,C:\Users\dharani\Documents\Codex\2026-08-20\roboflow-plugin-roboflow-roboflow-build-a\outputs\egg-tray-counter\datasets\roboflow_auto_original\train\images\WhatsApp-Image-2026-07-03-at-12-04-12-PM_jpeg.rf.52ad12c56defe438c686dfe8d8a28b1f.jpg,needs_human_scene_and_ground_truth_review,Do not train or resplit from this row until scene_id and view are verified.
,7c8a50fe5901742805a6,train,UNKNOWN,,,,,,,,,,C:\Users\dharani\Documents\Codex\2026-08-20\roboflow-plugin-roboflow-roboflow-build-a\outputs\egg-tray-counter\datasets\roboflow_auto_original\train\images\WhatsApp-Image-2026-07-03-at-12-04-17-PM_jpeg.rf.618e6db8c74092d5edbde5709140c4fb.jpg,needs_human_scene_and_ground_truth_review,Do not train or resplit from this row until scene_id and view are verified.
,2a05251e7b50984713f5,train,UNKNOWN,,,,,,,,,,C:\Users\dharani\Documents\Codex\2026-08-20\roboflow-plugin-roboflow-roboflow-build-a\outputs\egg-tray-counter\datasets\roboflow_auto_original\train\images\WhatsApp-Image-2026-07-03-at-12-04-25-PM_jpeg.rf.d5d5a6db58142313153f80fbac5b8cb5.jpg,needs_human_scene_and_ground_truth_review,Do not train or resplit from this row until scene_id and view are verified.
,c8718432472b3d5059ed,train,UNKNOWN,,,,,,,,,,C:\Users\dharani\Documents\Codex\2026-08-20\roboflow-plugin-roboflow-roboflow-build-a\outputs\egg-tray-counter\datasets\roboflow_auto_original\train\images\WhatsApp-Video-2026-07-03-at-12_02_14-PM_mp4-0000_jpg.rf.c024a34e8cda352ef9751a7c99807f6b.jpg,needs_human_scene_and_ground_truth_review,Do not train or resplit from this row until scene_id and view are verified.
,471c41d2a954b267a9bf,train,UNKNOWN,,,,,,,,,,C:\Users\dharani\Documents\Codex\2026-08-20\roboflow-plugin-roboflow-roboflow-build-a\outputs\egg-tray-counter\datasets\roboflow_auto_original\train\images\WhatsApp-Video-2026-07-03-at-12_04_04-PM_mp4-0020_jpg.rf.c0bc10f235cb33bd3630bf1b0f60b512.jpg,needs_human_scene_and_ground_truth_review,Do not train or resplit from this row until scene_id and view are verified.
,f32b812dd65d0c12b803,train,UNKNOWN,,,,,,,,,,C:\Users\dharani\Documents\Codex\2026-08-20\roboflow-plugin-roboflow-roboflow-build-a\outputs\egg-tray-counter\datasets\roboflow_auto_original\train\images\WhatsApp-Video-2026-07-03-at-12_04_04-PM_mp4-0023_jpg.rf.a1f063ea3002613fcd986cb29cbed594.jpg,needs_human_scene_and_ground_truth_review,Do not train or resplit from this row until scene_id and view are verified.
,8910b133e62daef79399,train,UNKNOWN,,,,,,,,,,C:\Users\dharani\Documents\Codex\2026-08-20\roboflow-plugin-roboflow-roboflow-build-a\outputs\egg-tray-counter\datasets\roboflow_auto_original\train\images\WhatsApp-Video-2026-07-03-at-12_04_04-PM_mp4-0025_jpg.rf.8a65cc44ebac8da669f29ac739b10053.jpg,needs_human_scene_and_ground_truth_review,Do not train or resplit from this row until scene_id and view are verified.
,9a4d9df01e580da0615f,train,UNKNOWN,,,,,,,,,,C:\Users\dharani\Documents\Codex\2026-08-20\roboflow-plugin-roboflow-roboflow-build-a\outputs\egg-tray-counter\datasets\roboflow_auto_original\train\images\WhatsApp-Video-2026-07-03-at-12_04_04-PM_mp4-0029_jpg.rf.7e9ec22b6ef9c3f0b260f01a180c94ce.jpg,needs_human_scene_and_ground_truth_review,Do not train or resplit from this row until scene_id and view are verified.
,108fbe48535084f658e4,train,UNKNOWN,,,,,,,,,,C:\Users\dharani\Documents\Codex\2026-08-20\roboflow-plugin-roboflow-roboflow-build-a\outputs\egg-tray-counter\datasets\roboflow_auto_original\train\images\WhatsApp-Video-2026-07-03-at-12_04_04-PM_mp4-0031_jpg.rf.d4747b990c05030f8de522443635d56d.jpg,needs_human_scene_and_ground_truth_review,Do not train or resplit from this row until scene_id and view are verified.
,e9378d1f67ef0c79243b,valid,UNKNOWN,,,,,,,,,,C:\Users\dharani\Documents\Codex\2026-08-20\roboflow-plugin-roboflow-roboflow-build-a\outputs\egg-tray-counter\datasets\roboflow_auto_original\valid\images\WhatsApp-Image-2026-07-03-at-11-58-22-AM_jpeg.rf.62436941ab432aea295d52e47884d82a.jpg,needs_human_scene_and_ground_truth_review,Do not train or resplit from this row until scene_id and view are verified.
,36dccd6307a7fbd801d3,valid,UNKNOWN,,,,,,,,,,C:\Users\dharani\Documents\Codex\2026-08-20\roboflow-plugin-roboflow-roboflow-build-a\outputs\egg-tray-counter\datasets\roboflow_auto_original\valid\images\WhatsApp-Image-2026-07-03-at-11-58-23-AM_jpeg.rf.e9169b684373a49f03a0e570650009fa.jpg,needs_human_scene_and_ground_truth_review,Do not train or resplit from this row until scene_id and view are verified.
,01297a74fd3883320f92,valid,UNKNOWN,,,,,,,,,,C:\Users\dharani\Documents\Codex\2026-08-20\roboflow-plugin-roboflow-roboflow-build-a\outputs\egg-tray-counter\datasets\roboflow_auto_original\valid\images\WhatsApp-Image-2026-07-03-at-11-59-01-AM-1-_jpeg.rf.47baf47ca6cefb47063669354d52a7ca.jpg,needs_human_scene_and_ground_truth_review,Do not train or resplit from this row until scene_id and view are verified.
,dac9d06e8ca1482d0c9f,valid,UNKNOWN,,,,,,,,,,C:\Users\dharani\Documents\Codex\2026-08-20\roboflow-plugin-roboflow-roboflow-build-a\outputs\egg-tray-counter\datasets\roboflow_auto_original\valid\images\WhatsApp-Image-2026-07-03-at-11-59-09-AM_jpeg.rf.065c58edae30d0fe118bc2809cc7dd17.jpg,needs_human_scene_and_ground_truth_review,Do not train or resplit from this row until scene_id and view are verified.
,609a1fa6603c84fd608f,valid,UNKNOWN,,,,,,,,,,C:\Users\dharani\Documents\Codex\2026-08-20\roboflow-plugin-roboflow-roboflow-build-a\outputs\egg-tray-counter\datasets\roboflow_auto_original\valid\images\WhatsApp-Image-2026-07-03-at-12-00-35-PM-1-_jpeg.rf.3f40af2ef32cd568c7dc905de5e9207c.jpg,needs_human_scene_and_ground_truth_review,Do not train or resplit from this row until scene_id and view are verified.
,ebe7da7d223bbf618f0f,valid,UNKNOWN,,,,,,,,,,C:\Users\dharani\Documents\Codex\2026-08-20\roboflow-plugin-roboflow-roboflow-build-a\outputs\egg-tray-counter\datasets\roboflow_auto_original\valid\images\WhatsApp-Image-2026-07-03-at-12-01-02-PM-2-_jpeg.rf.c0c7ff8b59c8c866ddcb679e61698fc8.jpg,needs_human_scene_and_ground_truth_review,Do not train or resplit from this row until scene_id and view are verified.
,9891b5fd28330278f910,valid,UNKNOWN,,,,,,,,,,C:\Users\dharani\Documents\Codex\2026-08-20\roboflow-plugin-roboflow-roboflow-build-a\outputs\egg-tray-counter\datasets\roboflow_auto_original\valid\images\WhatsApp-Image-2026-07-03-at-12-01-02-PM_jpeg.rf.60c82754a7a965381be390e4bc1f36a6.jpg,needs_human_scene_and_ground_truth_review,Do not train or resplit from this row until scene_id and view are verified.
,e93c6f4c51053e7108cf,valid,UNKNOWN,,,,,,,,,,C:\Users\dharani\Documents\Codex\2026-08-20\roboflow-plugin-roboflow-roboflow-build-a\outputs\egg-tray-counter\datasets\roboflow_auto_original\valid\images\WhatsApp-Image-2026-07-03-at-12-01-04-PM_jpeg.rf.12c5641153dd7d6be3fc4664b6cb4c8a.jpg,needs_human_scene_and_ground_truth_review,Do not train or resplit from this row until scene_id and view are verified.
,afce8c7e5a63fb24471b,valid,UNKNOWN,,,,,,,,,,C:\Users\dharani\Documents\Codex\2026-08-20\roboflow-plugin-roboflow-roboflow-build-a\outputs\egg-tray-counter\datasets\roboflow_auto_original\valid\images\WhatsApp-Image-2026-07-03-at-12-01-14-PM_jpeg.rf.5a4e89ee02db80b0030802e92b8132ef.jpg,needs_human_scene_and_ground_truth_review,Do not train or resplit from this row until scene_id and view are verified.
,0ed3cb7f3aa5427610af,valid,UNKNOWN,,,,,,,,,,C:\Users\dharani\Documents\Codex\2026-08-20\roboflow-plugin-roboflow-roboflow-build-a\outputs\egg-tray-counter\datasets\roboflow_auto_original\valid\images\WhatsApp-Image-2026-07-03-at-12-02-46-PM-1-_jpeg.rf.e909ab617375c14f9b6467db1d175e5d.jpg,needs_human_scene_and_ground_truth_review,Do not train or resplit from this row until scene_id and view are verified.
,dc2db98845872b41b4b9,valid,UNKNOWN,,,,,,,,,,C:\Users\dharani\Documents\Codex\2026-08-20\roboflow-plugin-roboflow-roboflow-build-a\outputs\egg-tray-counter\datasets\roboflow_auto_original\valid\images\WhatsApp-Video-2026-07-03-at-12_04_04-PM_mp4-0003_jpg.rf.2d589860d506e3e016a0dd0a9f545e2e.jpg,needs_human_scene_and_ground_truth_review,Do not train or resplit from this row until scene_id and view are verified.
,fc31b5da0c395f550cde,valid,UNKNOWN,,,,,,,,,,C:\Users\dharani\Documents\Codex\2026-08-20\roboflow-plugin-roboflow-roboflow-build-a\outputs\egg-tray-counter\datasets\roboflow_auto_original\valid\images\WhatsApp-Video-2026-07-03-at-12_04_04-PM_mp4-0024_jpg.rf.79daad203d59fb05b30dcab38876bdcf.jpg,needs_human_scene_and_ground_truth_review,Do not train or resplit from this row until scene_id and view are verified.
,9d0b24d779e80cbbad2d,valid,UNKNOWN,,,,,,,,,,C:\Users\dharani\Documents\Codex\2026-08-20\roboflow-plugin-roboflow-roboflow-build-a\outputs\egg-tray-counter\datasets\roboflow_auto_original\valid\images\WhatsApp-Video-2026-07-03-at-12_04_04-PM_mp4-0028_jpg.rf.19acc094107ba750a2cbf613bce8115c.jpg,needs_human_scene_and_ground_truth_review,Do not train or resplit from this row until scene_id and view are verified.
,4ca5161426ab6a8dfa4a,test,UNKNOWN,,,,,,,,,,C:\Users\dharani\Documents\Codex\2026-08-20\roboflow-plugin-roboflow-roboflow-build-a\outputs\egg-tray-counter\datasets\roboflow_auto_original\test\images\WhatsApp-Image-2026-07-03-at-12-00-57-PM_jpeg.rf.2a4e486fe4e2c2043c0eda481c9fccec.jpg,needs_human_scene_and_ground_truth_review,Do not train or resplit from this row until scene_id and view are verified.
,35c45766a260ff49cc4a,test,UNKNOWN,,,,,,,,,,C:\Users\dharani\Documents\Codex\2026-08-20\roboflow-plugin-roboflow-roboflow-build-a\outputs\egg-tray-counter\datasets\roboflow_auto_original\test\images\WhatsApp-Image-2026-07-03-at-12-00-58-PM_jpeg.rf.35ce8168ddb6c352332b273f5f9861df.jpg,needs_human_scene_and_ground_truth_review,Do not train or resplit from this row until scene_id and view are verified.
,927321c29a7dd6148734,test,UNKNOWN,,,,,,,,,,C:\Users\dharani\Documents\Codex\2026-08-20\roboflow-plugin-roboflow-roboflow-build-a\outputs\egg-tray-counter\datasets\roboflow_auto_original\test\images\WhatsApp-Image-2026-07-03-at-12-01-19-PM-1-_jpeg.rf.63d1d74c24eebc1c9d82c7912dfca1f7.jpg,needs_human_scene_and_ground_truth_review,Do not train or resplit from this row until scene_id and view are verified.
,d3b9c36c583b721a058b,test,UNKNOWN,,,,,,,,,,C:\Users\dharani\Documents\Codex\2026-08-20\roboflow-plugin-roboflow-roboflow-build-a\outputs\egg-tray-counter\datasets\roboflow_auto_original\test\images\WhatsApp-Image-2026-07-03-at-12-02-52-PM_jpeg.rf.02fa0f80934dc62c3969c3a202b4c817.jpg,needs_human_scene_and_ground_truth_review,Do not train or resplit from this row until scene_id and view are verified.
,7981e509e40b6219f050,test,UNKNOWN,,,,,,,,,,C:\Users\dharani\Documents\Codex\2026-08-20\roboflow-plugin-roboflow-roboflow-build-a\outputs\egg-tray-counter\datasets\roboflow_auto_original\test\images\WhatsApp-Video-2026-07-03-at-12_04_04-PM_mp4-0030_jpg.rf.71d657cea3dfb29712e8a82ac4fabb88.jpg,needs_human_scene_and_ground_truth_review,Do not train or resplit from this row until scene_id and view are verified.
