image,col,reference,span_count,rim_count,agrees,confidence,perspective_gradient,model_boxes,pitch_px,inferred_rims,peaks,note
1,1,20,21,18,0,0.0,0.648,21,20.0,5,13,"edge-peak count; diagnostic only, not a verified layer count; 5 rim(s) inferred from double-pitch gaps"
1,2,20,20,18,0,0.0,0.653,19,20.25,5,13,"edge-peak count; diagnostic only, not a verified layer count; 5 rim(s) inferred from double-pitch gaps"
1,3,20,20,21,0,0.0,0.681,20,20.5,6,15,"edge-peak count; diagnostic only, not a verified layer count; 6 rim(s) inferred from double-pitch gaps"
1,4,20,20,20,1,0.0,0.712,21,20.25,6,14,"edge-peak count; diagnostic only, not a verified layer count; 6 rim(s) inferred from double-pitch gaps"
1,5,19,19,19,1,0.073,0.857,20,20.5,5,14,"edge-peak count; diagnostic only, not a verified layer count; 5 rim(s) inferred from double-pitch gaps"
2,1,20,21,20,0,0.314,0.658,20,41.5,3,17,"edge-peak count; diagnostic only, not a verified layer count; 3 rim(s) inferred from double-pitch gaps"
2,2,20,20,20,1,0.267,0.593,20,43.0,4,16,"edge-peak count; diagnostic only, not a verified layer count; 4 rim(s) inferred from double-pitch gaps"
2,3,20,20,20,1,0.266,0.58,20,43.0,4,16,"edge-peak count; diagnostic only, not a verified layer count; 4 rim(s) inferred from double-pitch gaps"
2,4,20,20,20,1,0.638,1.244,21,42.5,1,19,"edge-peak count; diagnostic only, not a verified layer count; 1 rim(s) inferred from double-pitch gaps"
4,1,,17,20,0,0.431,1.087,18,26.0,3,17,"edge-peak count; diagnostic only, not a verified layer count; 3 rim(s) inferred from double-pitch gaps"
4,2,,18,20,0,0.834,1.047,18,24.75,0,20,"edge-peak count; diagnostic only, not a verified layer count"
4,3,,21,22,0,0.355,0.917,22,24.0,3,19,"edge-peak count; diagnostic only, not a verified layer count; 3 rim(s) inferred from double-pitch gaps"
4,4,,18,20,0,0.607,0.963,18,27.0,2,18,"edge-peak count; diagnostic only, not a verified layer count; 2 rim(s) inferred from double-pitch gaps"
4,5,,18,20,0,0.0,0.562,17,26.75,8,12,"edge-peak count; diagnostic only, not a verified layer count; 8 rim(s) inferred from double-pitch gaps"
4,6,,19,20,0,0.0,0.587,17,25.5,8,12,"edge-peak count; diagnostic only, not a verified layer count; 8 rim(s) inferred from double-pitch gaps"
8,1,20,20,20,1,0.242,0.659,20,24.0,4,16,"edge-peak count; diagnostic only, not a verified layer count; 4 rim(s) inferred from double-pitch gaps"
8,2,20,20,20,1,0.136,0.511,19,25.0,4,16,"edge-peak count; diagnostic only, not a verified layer count; 4 rim(s) inferred from double-pitch gaps"
8,3,20,20,20,1,0.235,0.839,21,24.0,4,16,"edge-peak count; diagnostic only, not a verified layer count; 4 rim(s) inferred from double-pitch gaps"
8,4,20,20,20,1,0.147,1.286,20,24.75,5,15,"edge-peak count; diagnostic only, not a verified layer count; 5 rim(s) inferred from double-pitch gaps"
8,5,20,20,20,1,0.037,0.607,19,25.0,6,14,"edge-peak count; diagnostic only, not a verified layer count; 6 rim(s) inferred from double-pitch gaps"
8,6,20,19,20,0,0.0,0.622,19,26.0,6,14,"edge-peak count; diagnostic only, not a verified layer count; 6 rim(s) inferred from double-pitch gaps"
8,7,20,20,20,1,0.41,1.0,20,25.5,3,17,"edge-peak count; diagnostic only, not a verified layer count; 3 rim(s) inferred from double-pitch gaps"
8,8,20,19,19,1,0.0,0.598,19,27.75,6,13,"edge-peak count; diagnostic only, not a verified layer count; 6 rim(s) inferred from double-pitch gaps"
9,1,,18,11,0,0.84,1.38,18,51.75,0,11,"edge-peak count; diagnostic only, not a verified layer count"
9,2,,7,7,1,0.695,0.512,7,47.5,1,6,"edge-peak count; diagnostic only, not a verified layer count; 1 rim(s) inferred from double-pitch gaps"
9,3,,17,19,0,0.0,0.795,13,51.0,8,11,"edge-peak count; diagnostic only, not a verified layer count; 8 rim(s) inferred from double-pitch gaps"
9,4,,17,14,0,0.762,0.77,19,49.5,0,14,"edge-peak count; diagnostic only, not a verified layer count"
9,5,,15,18,0,0.0,0.787,14,48.5,7,11,"edge-peak count; diagnostic only, not a verified layer count; 7 rim(s) inferred from double-pitch gaps"
19,1,20,20,20,1,0.108,0.669,20,42.5,5,15,"edge-peak count; diagnostic only, not a verified layer count; 5 rim(s) inferred from double-pitch gaps"
19,2,20,20,19,0,0.18,1.062,20,43.0,4,15,"edge-peak count; diagnostic only, not a verified layer count; 4 rim(s) inferred from double-pitch gaps"
19,3,20,20,21,0,0.617,1.127,20,42.0,2,19,"edge-peak count; diagnostic only, not a verified layer count; 2 rim(s) inferred from double-pitch gaps"
19,4,20,20,21,0,0.594,1.103,20,40.5,2,19,"edge-peak count; diagnostic only, not a verified layer count; 2 rim(s) inferred from double-pitch gaps"
19,5,20,20,20,1,0.237,0.635,20,40.5,4,16,"edge-peak count; diagnostic only, not a verified layer count; 4 rim(s) inferred from double-pitch gaps"
20,1,20,20,20,1,0.118,0.624,21,44.5,5,15,"edge-peak count; diagnostic only, not a verified layer count; 5 rim(s) inferred from double-pitch gaps"
20,2,20,20,20,1,0.512,1.0,20,44.0,2,18,"edge-peak count; diagnostic only, not a verified layer count; 2 rim(s) inferred from double-pitch gaps"
20,3,20,21,20,0,0.512,1.042,22,42.0,2,18,"edge-peak count; diagnostic only, not a verified layer count; 2 rim(s) inferred from double-pitch gaps"
21,1,20,20,20,1,0.0,0.612,20,19.0,6,14,"edge-peak count; diagnostic only, not a verified layer count; 6 rim(s) inferred from double-pitch gaps"
21,2,20,20,20,1,0.0,0.606,20,19.0,6,14,"edge-peak count; diagnostic only, not a verified layer count; 6 rim(s) inferred from double-pitch gaps"
21,3,20,20,19,0,0.005,1.189,20,20.0,4,15,"edge-peak count; diagnostic only, not a verified layer count; 4 rim(s) inferred from double-pitch gaps"
21,4,20,20,27,0,0.0,0.676,20,20.0,11,16,"edge-peak count; diagnostic only, not a verified layer count; 11 rim(s) inferred from double-pitch gaps"
21,5,20,20,20,1,0.402,1.286,21,21.0,2,18,"edge-peak count; diagnostic only, not a verified layer count; 2 rim(s) inferred from double-pitch gaps"
23,1,20,20,20,1,0.242,0.659,20,24.5,4,16,"edge-peak count; diagnostic only, not a verified layer count; 4 rim(s) inferred from double-pitch gaps"
23,2,20,20,20,1,0.359,0.857,20,24.5,3,17,"edge-peak count; diagnostic only, not a verified layer count; 3 rim(s) inferred from double-pitch gaps"
23,3,20,20,20,1,0.109,0.635,20,24.25,5,15,"edge-peak count; diagnostic only, not a verified layer count; 5 rim(s) inferred from double-pitch gaps"
23,4,20,19,20,0,0.015,0.624,18,25.0,6,14,"edge-peak count; diagnostic only, not a verified layer count; 6 rim(s) inferred from double-pitch gaps"
23,5,20,20,20,1,0.037,0.607,20,25.0,6,14,"edge-peak count; diagnostic only, not a verified layer count; 6 rim(s) inferred from double-pitch gaps"
23,6,20,19,20,0,0.0,0.629,19,26.25,6,14,"edge-peak count; diagnostic only, not a verified layer count; 6 rim(s) inferred from double-pitch gaps"
23,7,20,20,20,1,0.41,1.0,20,25.5,3,17,"edge-peak count; diagnostic only, not a verified layer count; 3 rim(s) inferred from double-pitch gaps"
23,8,20,20,19,0,0.231,0.598,20,26.0,4,15,"edge-peak count; diagnostic only, not a verified layer count; 4 rim(s) inferred from double-pitch gaps"
24,1,20,20,20,1,0.0,0.615,21,18.0,6,14,"edge-peak count; diagnostic only, not a verified layer count; 6 rim(s) inferred from double-pitch gaps"
24,2,20,20,20,1,0.0,0.606,20,19.5,6,14,"edge-peak count; diagnostic only, not a verified layer count; 6 rim(s) inferred from double-pitch gaps"
24,3,20,19,20,0,0.042,0.95,20,20.0,4,16,"edge-peak count; diagnostic only, not a verified layer count; 4 rim(s) inferred from double-pitch gaps"
24,4,20,20,27,0,0.0,0.686,20,20.0,11,16,"edge-peak count; diagnostic only, not a verified layer count; 11 rim(s) inferred from double-pitch gaps"
24,5,20,21,22,0,0.132,0.897,20,19.5,4,18,"edge-peak count; diagnostic only, not a verified layer count; 4 rim(s) inferred from double-pitch gaps"
30,1,20,20,20,1,0.0,0.644,20,40.5,7,13,"edge-peak count; diagnostic only, not a verified layer count; 7 rim(s) inferred from double-pitch gaps; search window touches the image border"
30,2,20,19,19,1,0.11,0.662,19,41.5,5,14,"edge-peak count; diagnostic only, not a verified layer count; 5 rim(s) inferred from double-pitch gaps"
30,3,20,21,19,0,0.131,0.724,22,41.5,5,14,"edge-peak count; diagnostic only, not a verified layer count; 5 rim(s) inferred from double-pitch gaps; search window touches the image border"
30,4,20,19,17,0,0.277,0.651,20,46.75,4,13,"edge-peak count; diagnostic only, not a verified layer count; 4 rim(s) inferred from double-pitch gaps; search window touches the image border"
34,1,20,20,20,1,0.513,1.067,21,42.0,2,18,"edge-peak count; diagnostic only, not a verified layer count; 2 rim(s) inferred from double-pitch gaps"
34,2,20,20,20,1,0.846,1.243,22,41.5,0,20,"edge-peak count; diagnostic only, not a verified layer count"
34,3,20,21,20,0,0.713,1.012,20,39.5,1,19,"edge-peak count; diagnostic only, not a verified layer count; 1 rim(s) inferred from double-pitch gaps"
34,4,20,20,20,1,0.842,1.216,20,39.5,0,20,"edge-peak count; diagnostic only, not a verified layer count"
34,5,20,20,20,1,0.661,1.047,21,39.0,1,19,"edge-peak count; diagnostic only, not a verified layer count; 1 rim(s) inferred from double-pitch gaps"
34,6,20,20,20,1,0.783,1.282,21,39.5,0,20,"edge-peak count; diagnostic only, not a verified layer count"
50,1,,17,16,0,0.188,1.084,17,72.75,4,12,"edge-peak count; diagnostic only, not a verified layer count; 4 rim(s) inferred from double-pitch gaps"
50,2,,18,21,0,0.0,1.0,18,69.25,8,13,"edge-peak count; diagnostic only, not a verified layer count; 8 rim(s) inferred from double-pitch gaps"
