split,path,width,height,annotations,sha256,dhash
train,train/images/08c3b9b331a572e9fbc9_jpg.rf.47091b2c75f62d673161058f4c617e06.jpg,640,640,3,2c6cd89c2dd2fab3367847fdbe4a84268410ebca6ed89079636a88a872e95f8a,000105161e765677
train,train/images/140927627abaed6bc683_jpg.rf.87777a54aeebb87e349e011147c650cf.jpg,640,640,3,49eb4ead2a800af8b389b677d10ddb73d695f43743458f1c5015bb8eaa6ba707,3edffbd9d9fefcf8
train,train/images/1f4e07b914f69cf7734a_jpeg.rf.120bcfb4ad79c9737acb894798520a87.jpg,480,640,23,6931870f98ffe4fadf30dfe9ecb0072ea9c2ae81721ed6d4b6cf4aa3721e954a,075181a1c5e6fccc
train,train/images/2721453227aa78d464f0_jpg.rf.3156acf0d44079f39f1c33db9ca08ae8.jpg,640,640,16,0a7216a84830735e4eac46adc7a94c370a3e906929c5d90fe1fb044150c20ce3,8fb8bc8c8e8ccccc
train,train/images/2a05251e7b50984713f5_jpg.rf.2d371e46fa9a9cda971dc82255cec1a0.jpg,640,640,4,9bc462c645e4bd7acbf5ddcf01a9dcf9396034fbe8baa5c001dbfeb85f1a9662,ef3f5ecc0c8cc405
train,train/images/32766c4e23b881d53bb7_jpeg.rf.0dd51a38db1307b54c47481960c1f609.jpg,640,480,100,6cd1a8bfe3075b0cb391a029baf57dfa8bf7c1037ff2a8068c0ed5538a0a3194,0526428080a8b994
train,train/images/392dd4934876e29bf6cd_jpg.rf.542e12abbaac80100e33d02ab4d181e3.jpg,640,640,6,221d6bf7e7528adc6617596c84c10f3f28a919f62c3a8cbdd0214d1ea28b542d,475c195b17575757
train,train/images/3b3ed50fdc6b4236e467_jpeg.rf.080d395aa3fef0f912243a73d0887528.jpg,480,640,8,ed334565ab573b95dbab115657111e8f27ceffd6c0e28f93eb7461af69dea7ff,c0f0b8b0b298b293
train,train/images/471c41d2a954b267a9bf_jpg.rf.4be97945cdcdb9dca1e32b5f33d47353.jpg,640,640,43,e12f249457b277e093043306ccf0fe58ac8941d9f8c7151df6b5f2c3a0633b3e,92c86151c1e51c30
train,train/images/5aae0b69f91f8bdcbbf7_jpg.rf.b6983fd4127023336eeb7ee485d2f70c.jpg,640,640,13,dce5825740d6dff2a4c092712ca1f036c88b1d5bc7c4c4ddbf1b5e8a5cb89f57,2c7c1ddb17575757
train,train/images/6230e5bfdf3c5cd5e6ec_jpeg.rf.9c711a2f97702112edbfd4964f5d21b1.jpg,480,640,60,a07dcf9d14be1fd9462d3d2a70b753088ebe7f032dc0da17300e1121d155945a,6868e8e86a223327
train,train/images/71135eb061c4bb2834b5_jpg.rf.b42d50b809427781e11aabcafe881960.jpg,640,640,1,a05ec9f4d3f468cca44f9adc3f4947171156996b8e0a2581e0e200c8e0df5208,3e7351372f1c89d3
train,train/images/74c1c55c022a4b7dd1f6_jpeg.rf.3dba54472a88cfb452b5e6797fee0a98.jpg,480,640,5,5cee198dce061d7322aaac2f0ea8bffdfa16e7eab7fbb7a2687d7c8bb9aa4fa0,f0c0f081969b393d
train,train/images/7c8a50fe5901742805a6_jpg.rf.cefa4fbf47632ca81dc5a1fc00ac4a74.jpg,640,640,14,d388134b04349238d1503e50ef90a004bff2383f13eb8b17b823efd835f1660a,ef3f1e4d0d8c8686
train,train/images/806329c29d3aee5d41eb_jpg.rf.0f8b0077e60ddb3733796e560af313a9.jpg,640,640,1,8faef20da52360554104eacfead4fe3ca6bb009ceece9100b214d0c3c385aca6,06863b71e0e82000
train,train/images/8910b133e62daef79399_jpg.rf.c0425df4d76cef264d012c9524c7cac0.jpg,640,640,20,e3597da2165041872af2d5ee2b6767ec7db3569f785448c84e92b7eb970d4265,a8d45aa9955a6a5c
train,train/images/9590ceca8ca176d0d246_jpg.rf.13c0f797a046fd5c4bea5a1d8ec4191a.jpg,640,640,1,4828386528c1411c1cc9c0f2313d43cf8ae143cb713ffd7e4a5c67608ee996cd,2f4cc4d4586864e6
train,train/images/98d66ec21cca75d245dd_jpeg.rf.6947ecd98a60e54ce570dd3a976c8014.jpg,480,640,73,0a107040eae8a5f3d5283b02d98498769ce6bebcb57b6bc3662d0930dca62266,1a98a58554f16f6d
train,train/images/9b375e96a00568fd4dc9_jpg.rf.6b88ea2022e108e696677db4cceb7f7c.jpg,640,640,8,c2bafb3294e1647cb7911d3037c2c8afc9871337f40d659ea5dcdc7262dcf28e,870763630d9c9c94
train,train/images/a0bab6bc320585fa213a_jpg.rf.ba1109e56470427dcbd70ef0a17e16a7.jpg,640,640,15,52be73e00ea6cd57512474942b8dfda943723f64c083c73094137669014f7123,d6fe0be85fc99b9f
train,train/images/a3d560ec5fa32afe89ac_jpg.rf.e42b8972d416f2f3d43282eae01d3b54.jpg,640,640,3,27ff88188d622c90a384c1a71ea69d5d6bedebb010d8fc885f42aca3ca193868,4707c6d6be3e5eef
train,train/images/ab8c9531b80991831e2b_jpg.rf.cb1452eef7e5a7023b05e5dd129b71e5.jpg,640,640,2,95caf518dcd455c2db1070cbc6740bd12c467b7600260e57398b0fb75bff80e2,0ba98f2f0f8783fa
train,train/images/c1e45bba99bea2933155_jpg.rf.db609a060acab52c9682a61df8deb874.jpg,640,640,1,fc5bcce704c772707528511920c25748f40591f28b2d0f57f3c7508f750ed6a1,c8f8f8f87a6a6a68
train,train/images/c2a9b50ff52dd7dda148_jpg.rf.eb7170f527ca61f6a3c870aca3db6e23.jpg,640,640,19,345909c13e8a542ca2bdd636b483353fd65043c12a355770db775afcdae85352,6f6c19db17575757
train,train/images/cf562ce0f6a3d606204a_jpg.rf.67622074828e336eaa4a6ac19985aeb1.jpg,640,640,10,95eab82e1053bded97e42c44f0c64d889ee06921432daa442856e7bf6ee5df47,e8ccc8aa8a83cb9a
train,train/images/d328c4489632a61b2071_jpg.rf.0479b9462b6821b317046b70a521876c.jpg,474,640,120,be9d20adbe86cba24a5221964ff85631e02dfd83ef90fb53bd773b0e37daad03,f6d66e72f2e2cbb3
train,train/images/d840c16a733d06010b10_jpg.rf.3f4e5bd9451fe7c99ecfe918844b063f.jpg,640,640,54,206cd345c881cec3727d4ad5d3d897a1d2a8ecbd4815ca17bb950d82eea2cb97,3d191f5f175757d7
train,train/images/dd102925d9227b62b3cb_jpg.rf.6246c42c55660a80e97b3d071cc2befa.jpg,640,640,1,9f6338c46032c723e9312a6e45420ba2fffb7f156fdec5c16cf232696e427be2,3e3f7fd9f3fcfcf8
train,train/images/e145a7c762d70711c7be_jpg.rf.74d494242a3acc83d2579be9d307ac51.jpg,359,640,1,f1f38976cfe78360788581903f41484084c7216ed54cc804ac587149adb1f190,0360e37307030031
train,train/images/f32b812dd65d0c12b803_jpg.rf.deb8e3d5304c0e583d049f75f252824f.jpg,640,640,6,4b8936c25bd8e75d22344248c19876b5a83549fe06614068635d9db4efe47f16,7535bd1a185dde3a
train,train/images/WhatsApp-Image-2026-07-03-at-11-56-55-AM_jpeg.rf.f2918ce1919e1416a1f8832d008bdda9.jpg,480,640,120,8b001513cdf1f71535820f640bf316869412dba2ef892a0823d787a2ac9e1529,023f525256911991
train,train/images/WhatsApp-Image-2026-07-03-at-11-57-00-AM_jpeg.rf.7380bd645aad8934219b6c74c07c3581.jpg,640,480,79,87931706a626858db7e6e5f68899df9a8061cfc8afe2318e3af1213d33544e5a,949494949496b616
train,train/images/WhatsApp-Image-2026-07-03-at-11-57-02-AM_jpeg.rf.2e675a700d201ad47d85e96db6a07424.jpg,640,480,52,65d1b1dc3ba1cfb11dac60c61955abb19a21a2afaa5c946fbba8690c8698bc68,4b4659d9d9d9de5a
train,train/images/WhatsApp-Image-2026-07-03-at-11-57-10-AM_jpeg.rf.841362bcc4f0c9cfaf4f5bf60107b328.jpg,480,640,39,95090f7291cf61555d3857d5c3b9792408c98386a84217aa8755601aadd23e46,7f2f2969658dadac
train,train/images/WhatsApp-Image-2026-07-03-at-11-57-16-AM_jpeg.rf.b8d6768d8a0324dcbe0067deb3f30322.jpg,480,640,38,b36d27c556fdeaba3a36b7b6f4e6cb3bb925b823df6c155e1f839087520ceba9,0c4c6767e0801c3c
train,train/images/WhatsApp-Image-2026-07-03-at-11-57-17-AM-2-_jpeg.rf.62c3a1bd2885ac44ecbc8ec7b83da2dd.jpg,480,640,18,3de40d4faaf11cc08a55ceb497b411753eb71ee840f7b33485931c5ebd9028cb,1313333333362606
train,train/images/WhatsApp-Image-2026-07-03-at-11-57-21-AM_jpeg.rf.e533e6909b76423bd99c2337cd6fe1a6.jpg,480,640,17,321edb14d38d0ad43c76a10957c0c1d9685e1954d7b3820cdf3e9b38b0469d51,12131b1919131b1c
train,train/images/WhatsApp-Image-2026-07-03-at-11-57-28-AM-1-_jpeg.rf.918b72a6eafb86cc69db4b6a7d1e2d9b.jpg,480,640,74,f535709f8a213c0b2be71b028fa1818872c898b9822a3a35066c39b49994d02b,0224357456120002
train,train/images/WhatsApp-Image-2026-07-03-at-11-57-31-AM_jpeg.rf.0f3f9aafe62a40c6ada269bc635e34fa.jpg,480,640,4,c1984e3cf2d9e3e9d1b8ef3386cb15c12e4e1ab5baf6b9f1d059463b87762722,1613272333333337
train,train/images/WhatsApp-Image-2026-07-03-at-11-57-32-AM-1-_jpeg.rf.0828add7c8b7eae77317d0e144a128e3.jpg,480,640,90,3179a4c19b09b7ea85434792e51b1101dca15e1aa2affa3bc3de591591f2699f,fffdfdfaca8a9103
train,train/images/WhatsApp-Image-2026-07-03-at-11-57-35-AM_jpeg.rf.d5565989d6e0ac18aebb3ba8b2501dda.jpg,480,640,80,07f8dcea384cc7c2188917fae784dada7d41161d13c032aa24e0f0f0468b2fda,fffef4f828390101
train,train/images/WhatsApp-Image-2026-07-03-at-11-57-37-AM_jpeg.rf.0ffe063e6175126d42e23a7fbd035740.jpg,640,480,139,72b488b27afea307768622c6c1f912f1eeb02c187af4ee98019f1a954697176e,dcf9f4b070706c0d
train,train/images/WhatsApp-Image-2026-07-03-at-11-57-38-AM_jpeg.rf.1e6e92e17ffacfd0da81b67f2811f055.jpg,640,480,159,07a11c6613a1c41f7a07fa136190de1c3787181062c01933f0e8bf5060234815,fbffeff1a8b8f19b
train,train/images/WhatsApp-Image-2026-07-03-at-11-57-41-AM-1-_jpeg.rf.a67926adff9d234dd510c772c8a6a574.jpg,640,480,140,24b7e30e21ca7425c316b8c40c1a0bb2d13a1f95e3e85988abb1f17a5592a94c,776760327070b8a6
train,train/images/WhatsApp-Image-2026-07-03-at-11-57-45-AM-1-_jpeg.rf.d59de69a9002db562490c24297e46c22.jpg,640,480,14,94a9bae81218ee93b0a479a19a334927c2809e9ebf751f384142d5722b54e124,1cdc9cd89818d2dc
train,train/images/WhatsApp-Image-2026-07-03-at-11-57-47-AM_jpeg.rf.0322dfead7eae87aacfd568df093e15f.jpg,640,480,3,6791f023f5d3dfce48ad275d9838bb549248e18e6c4c0dba019b13211c4a7532,f8b6fad0b4b6b4dc
train,train/images/WhatsApp-Image-2026-07-03-at-11-57-50-AM_jpeg.rf.a95a46ed54a201c8bba806db89978ca2.jpg,480,640,17,2cf07a0a8fe71c247c582d9aaace7b45c434e48d09dcd58ca515046fdaf1b44f,890949b991677bd8
train,train/images/WhatsApp-Image-2026-07-03-at-11-57-52-AM-1-_jpeg.rf.fb749cebf393750e0f8bf7a0d108affe.jpg,480,640,8,e38bf2c6b048d3a8858109cf755ae004df0b18500928243ebad9a20334af897d,bf34246467649101
train,train/images/WhatsApp-Image-2026-07-03-at-11-57-58-AM_jpeg.rf.07aaf3798d3bb4597b97738790709627.jpg,480,640,1,cf85d93cb0596486bef1e40db55d9b79cdae43c472eb58183f313434a9489fa8,3f9f9f6b50507921
train,train/images/WhatsApp-Image-2026-07-03-at-11-58-00-AM-1-_jpeg.rf.d95686c4c188a9035fb0fc07afb48174.jpg,480,640,74,b51ed7c51dce9abebadedbf035f48da088693ad20985904406229c8ba2198d0c,220a28a8a8ad4cd9
train,train/images/WhatsApp-Image-2026-07-03-at-11-58-00-AM-2-_jpeg.rf.d66f8862f5faad027a34e55c5fca53ff.jpg,480,640,28,5d6289af8c358dfc48221f0a1bbe65617d3e1934a8db01a6ddcbbe9033e0859d,4f4f3b3b3b3fd3f6
train,train/images/WhatsApp-Image-2026-07-03-at-11-58-08-AM-2-_jpeg.rf.a732a0ecaa8eca85771c1d465206ed47.jpg,480,640,70,2faaaa75797c1c982d4acff7d0a0f17899f3dd846d59c47683b665d5603e18c4,3860607c5c581813
train,train/images/WhatsApp-Image-2026-07-03-at-11-58-22-AM-1-_jpeg.rf.3facd84c6dc37a30912f355454519b97.jpg,640,480,4,8186d0981c88d91c13ccf3d15d0e83da22ebaf4333ea2a9e1ddd1adf69ab7f20,1130103f6c6470a1
train,train/images/WhatsApp-Image-2026-07-03-at-11-58-37-AM_jpeg.rf.69128d31a5f2b8e3b36d0007fa080b2f.jpg,640,480,95,fc586c3f066f2aa135b22d4f3bcc520cf9de71040d4062455cea61ed1c57ff3d,4454545555555555
train,train/images/WhatsApp-Image-2026-07-03-at-11-58-39-AM_jpeg.rf.b468250bfadebfbb7e64ad2ee75565af.jpg,640,480,19,4082300eac5a659975973ba58a3c05be1440125959caf333c10672b042b09767,4c4c6c4c6c6c110d
train,train/images/WhatsApp-Image-2026-07-03-at-11-58-59-AM-3-_jpeg.rf.0c03a7a31ce6d7d015e47142a5fd5aca.jpg,640,480,120,bc18d5c33fdb653ab6b8c95caf8d8e45d14f23c6bb775f8c4201463adfa6c21a,0001010101051131
train,train/images/WhatsApp-Image-2026-07-03-at-11-59-00-AM-3-_jpeg.rf.f8ac320723aedf4edce9cf5a0230a32b.jpg,480,640,16,f62ecea1ad36b76893515ca84efb6c2e4260a9ed95fe67529508a068e04702b6,038101111010060c
train,train/images/WhatsApp-Image-2026-07-03-at-11-59-01-AM-2-_jpeg.rf.97168b1f4fd9f593e8a74150f03417e2.jpg,640,480,116,bff1c11b7c7133c352837137a8f4950f15babd2631e08cd75f9c1c0506f422d0,0e07010101010131
train,train/images/WhatsApp-Image-2026-07-03-at-12-00-27-PM_jpeg.rf.0e4f0c3859b70cda93a6a4b08fac2214.jpg,640,290,100,c991121fe4ae29e056beae7478d951ed0ac695a8382b0c69d40f9db560bffc0f,0327333f38b40d4b
train,train/images/WhatsApp-Image-2026-07-03-at-12-00-34-PM-2-_jpeg.rf.93f3a94d8ae5921fa8e61cf62a01941e.jpg,640,291,5,c4daca081c6c1524878eaf8ecee99519efade43e1d71b4b8f03f06f2a065ff8e,1613110d074343a5
train,train/images/WhatsApp-Image-2026-07-03-at-12-00-40-PM-2-_jpeg.rf.5c73751f2b2c36c912419d5a3f31835c.jpg,290,640,17,647a475494caec608d068bb2f6bba0d11acf552746461617464564f5effb3467,a5771f1f1d362636
train,train/images/WhatsApp-Image-2026-07-03-at-12-00-51-PM_jpeg.rf.4eb2985ae042c0e40d9947f6827f182e.jpg,291,640,7,59d0266f3d95be9a114d3428e94c6130a191c13b3d377b264164bc8de8e2823d,183e1f6de5355898
train,train/images/WhatsApp-Image-2026-07-03-at-12-00-52-PM-1-_jpeg.rf.7415621cc2a5bdfe44447f79140bd213.jpg,291,640,30,c4464daf9789aab8d2b0aab96d64b248629e02c7b26cd8797e8e2c1590bead05,df17d696364e4e9e
train,train/images/WhatsApp-Image-2026-07-03-at-12-00-52-PM_jpeg.rf.f9abdd1d7e8d0fd90f0073b0c3a6ae09.jpg,291,640,16,42a914b9e8f93271b83253748e3d0da557b1d1f65eb832c4a36900b372e2f2fb,d81f97d6364e4e9e
train,train/images/WhatsApp-Image-2026-07-03-at-12-01-08-PM_jpeg.rf.39971e317dc3c69c798c9bee5b68e5b1.jpg,640,290,1,c69496e42c8281bb03f5fda92e3a93a09b63b25ca37cbd3964e8ee3b54e5dd39,1f0f6731f94f4fcd
train,train/images/WhatsApp-Image-2026-07-03-at-12-01-09-PM-1-_jpeg.rf.017f9c737b9772257cc3759b29db235a.jpg,290,640,1,d4feb486f5c3d24f5a5969c7bc934ed0685262c086de7e0e1706c97d4335afee,e7e7eb871bdbc8fd
train,train/images/WhatsApp-Image-2026-07-03-at-12-01-13-PM-1-_jpeg.rf.eaa37cbeab66e7ca67d642723cbc815c.jpg,291,640,20,cda0226ee222f91198582ef9d6dcc1e3a56d6d38133ef15c78d4cb929ffe0c90,40208c6c4c86849c
train,train/images/WhatsApp-Image-2026-07-03-at-12-01-13-PM_jpeg.rf.57d89fb504b43c799e4f4e479c49865a.jpg,291,640,60,5b968630842becaebeb29072d065577928472b361bbecc813f204e2c88b6a842,5e199a9a9adac363
train,train/images/WhatsApp-Image-2026-07-03-at-12-02-55-PM_jpeg.rf.437867742c3572515db51bd8d9442acd.jpg,480,640,4,116891a25e4503aed59ebd522993381a96b8d81b930e5f3f8dd27dc90306abb6,fd73796d373efcb0
valid,valid/images/0ed3cb7f3aa5427610af_jpg.rf.ffe412dceea1720a8e55ac13f28be2f1.jpg,640,640,4,2a637ba4eddfa7dee38ce2a8242c435d76f89af30b89a8926231e16ced7e786e,0305143c66757575
valid,valid/images/36dccd6307a7fbd801d3_jpg.rf.6a6249830cc84516b001f90994a5e1d7.jpg,640,640,6,e3139d686e2757a5275ce7a52dd998762ca001f914e2b98807e2fe8eb04640f5,07c78e4c81c84b40
valid,valid/images/4cd1abed9a60a4c45bac_jpg.rf.d4305b8fda86ad8fbfc32e6faa879c42.jpg,359,640,1,8ac89cb0961b0b4fa40e04b01dcb8dbcd531facc37f9c7e78196031d6149e25d,0161631302293018
valid,valid/images/609a1fa6603c84fd608f_jpg.rf.377bc342d0c4d4eb062fbb64e2dc9623.jpg,640,640,1,812406b26ec8cb5c7187717e1b2bd51211d4e5385b361b535d293699b29bacaa,05851f9f9f0f2727
valid,valid/images/9d0b24d779e80cbbad2d_jpg.rf.e3091e71352f53efba38e0196eca9135.jpg,640,640,2,3c842c1acb2ac1298a2e719fbe481b35abdf6b7b47a1067f28a4d6e86042959a,1f96b198080c0dd9
valid,valid/images/dc2db98845872b41b4b9_jpg.rf.7d7891a467f9d34d5162571d01623fd8.jpg,640,640,10,3684fbeee19dd6de444d3f1f1bfc53b5f00b663142341cffb2af248d69377eb7,2444810060672408
valid,valid/images/e0f00e2e506f411a0b91_jpg.rf.a67b894ac16e9b775c0fd7877e4f3d9a.jpg,474,640,131,ed5389d7f6d74b634f6f111d3d5404ce907dd80117c06853c6adf19e884ad76d,daeb6e72f3e3cb91
valid,valid/images/fc31b5da0c395f550cde_jpg.rf.ff5a8a733d19a1ce84db57467d29003f.jpg,640,640,11,809924d032504a155cbbe005572f443b4d57d13557288bc3b414a28034bcabfe,332303c383676312
valid,valid/images/WhatsApp-Image-2026-07-03-at-11-56-54-AM_jpeg.rf.72c573234d6d423948ee8b9b923e9652.jpg,480,640,100,818ebd9bf38620f29f370636c73e96b6b648478e7c65b013f3652c5cbd10e5a5,cb8b2a2a29291536
valid,valid/images/WhatsApp-Image-2026-07-03-at-11-57-05-AM_jpeg.rf.bd6ada60f52f975040028028bb6784b7.jpg,640,480,2,d7a29635965acf3451cbf7276d617bf37928460be92bb507e48bc63ae7f27b9c,f3434a45434b4fef
valid,valid/images/WhatsApp-Image-2026-07-03-at-11-57-09-AM-1-_jpeg.rf.b69a25fc2e1a8982f6a56211e54fd940.jpg,480,640,105,45d2dcf2dab5f03ce283ed921621673883d37a90ba2923086cd5ceb593c37fe7,8a8adbeaeafafefb
valid,valid/images/WhatsApp-Image-2026-07-03-at-11-57-18-AM-1-_jpeg.rf.1b745a6ae3d3aa7fcd62e73a7c75e158.jpg,480,640,10,4966bd3df95ebeabf2f6d9ad0a6067e0335589cee4ef9e1c49227e67ab75a6ed,0b039b999bcb17b8
valid,valid/images/WhatsApp-Image-2026-07-03-at-11-57-20-AM-2-_jpeg.rf.55fe4b40a72dd1a1a4b246e6854f55db.jpg,480,640,82,c0fb15ae73ffc75a5bbbe2c901afd7dff155813023dbe9a6db2637ffd00b6442,381f0b2929010f0b
valid,valid/images/WhatsApp-Image-2026-07-03-at-11-57-23-AM_jpeg.rf.6f87179ee1ed76c8dd62da997afc89c2.jpg,480,640,68,f8cd656e71a02f91cca50b6d6f7f218f907c5fd2a380e4804efa1285e0de6bcb,1913a5d5575773c9
valid,valid/images/WhatsApp-Image-2026-07-03-at-11-57-54-AM-1-_jpeg.rf.c90c46acca6e61b9849fb3d8484bea45.jpg,480,640,75,1e39476d910a15603a4ab72f7c4b91299ca78d17fc368d4a60e276276d88a60d,7b31016828286747
valid,valid/images/WhatsApp-Image-2026-07-03-at-11-58-23-AM-1-_jpeg.rf.06354487b120b021b342d5d5eb6bc949.jpg,480,640,4,a283b20f0ca2a22bfcba66f174f513a510d0561f9b0594e81b2255e29db2352c,07c78e4c81c84ac0
valid,valid/images/WhatsApp-Image-2026-07-03-at-11-58-23-AM-2-_jpeg.rf.12e6173e841713267c7c6f928460e7a6.jpg,480,640,4,3b9057b446a22a3ea2a1f85a3755faa9d49e7b7f7a2a7d60e2940cf62b43a5ca,05c5cc4c81c80ac0
valid,valid/images/WhatsApp-Image-2026-07-03-at-11-58-27-AM_jpeg.rf.014079245367617006b59ee4c7c7fb4f.jpg,480,640,19,db973c755f43f3421aae783f5ad01d07dc55058b9259ff0408b0102fc5a7bfd7,be1f3f7f77d71707
valid,valid/images/WhatsApp-Image-2026-07-03-at-12-00-54-PM_jpeg.rf.f452ebe21af57a206cf0099992a22cdf.jpg,640,288,4,ab71d8d39fe3691e4295baf15e4744848f1b3775b9a8d360a5cf91926e105787,a6dffbc6f7ff6e7e
valid,valid/images/WhatsApp-Image-2026-07-03-at-12-01-08-PM-1-_jpeg.rf.44c7a05a146cbcbbc3afeb1328c36cb4.jpg,640,290,1,3f023fcf4ad1c81307757b4f1bfba9ceb370ee2ee662cdfb51223724b4931920,5012c68630b8c0c7
valid,valid/images/WhatsApp-Image-2026-07-03-at-12-01-15-PM-1-_jpeg.rf.6d4dcffe5d67618db97f6005cf837772.jpg,640,291,56,4aaa81e818cb055e91ed161817dc72a4c6d59ebfdd93c6ef37f341f69715b6c9,5f8e4cb9b8bc86c2
valid,valid/images/WhatsApp-Image-2026-07-03-at-12-03-16-PM-2-_jpeg.rf.6e9d5863f8a0d30746815713deea50b4.jpg,480,640,19,2eb1c9d205a2cfb145d83020954e6a5405db8d0bbd346cf4c556ab9ec1de6dc8,e3daccc495111111
test,test/images/927321c29a7dd6148734_jpg.rf.4e697ff61e22a4f06fbc2fa2d70fa81c.jpg,640,640,1,18d88125ccacd206e1b0995cb528e8f73ecda5ba943bc550176b4e7efd06cbf0,07cbf13220a0a003
test,test/images/d3b9c36c583b721a058b_jpg.rf.674e4ac894aa749223dc62a8f221cdbc.jpg,640,640,31,c6f322da5f74dc5275dc3381b14d433d4d4f7f282de53803b05d29748f5e4d63,c9a861037ee7c79b
test,test/images/WhatsApp-Image-2026-07-03-at-11-57-01-AM-1-_jpeg.rf.2ec5d18b680525d06219df4ae79bfeac.jpg,640,480,141,190ca72e673d972f9ecc15d8c1d8d384966f22844fc63eef07b149dc468359ef,0f3e2030323242d9
test,test/images/WhatsApp-Image-2026-07-03-at-11-57-17-AM_jpeg.rf.c023e0f72194c050fe5968057ad4a2e9.jpg,480,640,33,06383cf6fba45144b915351c6945d65db14b11c8ffb400d4a304a7ec74a8dfcf,fe1f1e5eda9bdded
test,test/images/WhatsApp-Image-2026-07-03-at-11-57-20-AM_jpeg.rf.186b41101dd625aa15700c9ea12d1923.jpg,480,640,11,ea4455f8384de02cc71f9ca20e63b8e3cecc874ad444e302a70f9b5c8cdadf8d,1303012001300c83
test,test/images/WhatsApp-Image-2026-07-03-at-11-57-43-AM-1-_jpeg.rf.d840b7abac2e92acfb799fc58c88830d.jpg,640,480,121,1edb64b22bbaa76deaa5eed5d7a35b3a23b27703fce1fdb2e67a5a510a592c61,f2787d70f0d82685
test,test/images/WhatsApp-Image-2026-07-03-at-11-58-26-AM_jpeg.rf.d0dc60fe6d1696109d04775b1808359b.jpg,480,640,39,baa3697212beb51bd20e6a4fd7154c67779cf89e942b1613507a7f863a82009c,9d1f3eff7f373f0f
test,test/images/WhatsApp-Image-2026-07-03-at-11-58-30-AM_jpeg.rf.04705d93f3255e3432edb82dfa7d8ba7.jpg,480,640,60,f8cce262238d2a00f179eb69bcdc2d7110b4c13e9584a7ae11f8173374ee7ddb,7d5b5bd3d3d39388
