priority,split,v2_path,image,label,annotations,max_box_area,max_box_width,max_box_height,review_reason,review_status,review_note
0,train,train/images/806329c29d3aee5d41eb_jpg.rf.0f8b0077e60ddb3733796e560af313a9.jpg,work/v2-frozen-export-20260902/train/images/806329c29d3aee5d41eb_jpg.rf.0f8b0077e60ddb3733796e560af313a9.jpg,work/v2-frozen-export-20260902/train/labels/806329c29d3aee5d41eb_jpg.rf.0f8b0077e60ddb3733796e560af313a9.txt,1,0.375242,0.879687,0.426563,low_annotation_count|large_box_area|stack_scale_box,overview_policy_consistent,overview policy check passed; retain for full-resolution correction QA
0,train,train/images/9590ceca8ca176d0d246_jpg.rf.13c0f797a046fd5c4bea5a1d8ec4191a.jpg,work/v2-frozen-export-20260902/train/images/9590ceca8ca176d0d246_jpg.rf.13c0f797a046fd5c4bea5a1d8ec4191a.jpg,work/v2-frozen-export-20260902/train/labels/9590ceca8ca176d0d246_jpg.rf.13c0f797a046fd5c4bea5a1d8ec4191a.txt,1,0.320684,0.657813,0.487500,low_annotation_count|large_box_area|stack_scale_box,overview_policy_consistent,overview policy check passed; retain for full-resolution correction QA
0,train,train/images/WhatsApp-Image-2026-07-03-at-12-01-09-PM-1-_jpeg.rf.017f9c737b9772257cc3759b29db235a.jpg,work/v2-frozen-export-20260902/train/images/WhatsApp-Image-2026-07-03-at-12-01-09-PM-1-_jpeg.rf.017f9c737b9772257cc3759b29db235a.jpg,work/v2-frozen-export-20260902/train/labels/WhatsApp-Image-2026-07-03-at-12-01-09-PM-1-_jpeg.rf.017f9c737b9772257cc3759b29db235a.txt,1,0.317287,0.858621,0.369531,low_annotation_count|large_box_area|stack_scale_box,overview_policy_consistent,overview policy check passed; retain for full-resolution correction QA
0,train,train/images/c1e45bba99bea2933155_jpg.rf.db609a060acab52c9682a61df8deb874.jpg,work/v2-frozen-export-20260902/train/images/c1e45bba99bea2933155_jpg.rf.db609a060acab52c9682a61df8deb874.jpg,work/v2-frozen-export-20260902/train/labels/c1e45bba99bea2933155_jpg.rf.db609a060acab52c9682a61df8deb874.txt,1,0.349878,0.398438,0.878125,low_annotation_count|large_box_area|stack_scale_box,overview_policy_consistent,overview policy check passed; retain for full-resolution correction QA
0,train,train/images/dd102925d9227b62b3cb_jpg.rf.6246c42c55660a80e97b3d071cc2befa.jpg,work/v2-frozen-export-20260902/train/images/dd102925d9227b62b3cb_jpg.rf.6246c42c55660a80e97b3d071cc2befa.jpg,work/v2-frozen-export-20260902/train/labels/dd102925d9227b62b3cb_jpg.rf.6246c42c55660a80e97b3d071cc2befa.txt,1,0.464385,0.818750,0.567187,low_annotation_count|large_box_area|stack_scale_box,overview_policy_consistent,overview policy check passed; retain for full-resolution correction QA
0,train,train/images/e145a7c762d70711c7be_jpg.rf.74d494242a3acc83d2579be9d307ac51.jpg,work/v2-frozen-export-20260902/train/images/e145a7c762d70711c7be_jpg.rf.74d494242a3acc83d2579be9d307ac51.jpg,work/v2-frozen-export-20260902/train/labels/e145a7c762d70711c7be_jpg.rf.74d494242a3acc83d2579be9d307ac51.txt,1,0.189786,0.601933,0.315294,low_annotation_count|large_box_area|stack_scale_box,overview_policy_consistent,overview policy check passed; retain for full-resolution correction QA
0,valid,valid/images/4cd1abed9a60a4c45bac_jpg.rf.d4305b8fda86ad8fbfc32e6faa879c42.jpg,work/v2-frozen-export-20260902/valid/images/4cd1abed9a60a4c45bac_jpg.rf.d4305b8fda86ad8fbfc32e6faa879c42.jpg,work/v2-frozen-export-20260902/valid/labels/4cd1abed9a60a4c45bac_jpg.rf.d4305b8fda86ad8fbfc32e6faa879c42.txt,1,0.218369,0.629199,0.347059,low_annotation_count|large_box_area|stack_scale_box,overview_policy_consistent,overview policy check passed; retain for full-resolution correction QA
0,valid,valid/images/609a1fa6603c84fd608f_jpg.rf.377bc342d0c4d4eb062fbb64e2dc9623.jpg,work/v2-frozen-export-20260902/valid/images/609a1fa6603c84fd608f_jpg.rf.377bc342d0c4d4eb062fbb64e2dc9623.jpg,work/v2-frozen-export-20260902/valid/labels/609a1fa6603c84fd608f_jpg.rf.377bc342d0c4d4eb062fbb64e2dc9623.txt,1,0.523767,0.835938,0.626563,low_annotation_count|large_box_area|stack_scale_box,overview_policy_consistent,overview policy check passed; retain for full-resolution correction QA
0,valid,valid/images/WhatsApp-Image-2026-07-03-at-11-57-05-AM_jpeg.rf.bd6ada60f52f975040028028bb6784b7.jpg,work/v2-frozen-export-20260902/valid/images/WhatsApp-Image-2026-07-03-at-11-57-05-AM_jpeg.rf.bd6ada60f52f975040028028bb6784b7.jpg,work/v2-frozen-export-20260902/valid/labels/WhatsApp-Image-2026-07-03-at-11-57-05-AM_jpeg.rf.bd6ada60f52f975040028028bb6784b7.txt,2,0.560483,0.999375,0.560833,low_annotation_count|large_box_area|stack_scale_box,needs_manual_relabel,"wrong_or_mixed_annotation_unit, false/background box, or severe missing/duplicate coverage visible in review sheet"
0,train,train/images/140927627abaed6bc683_jpg.rf.87777a54aeebb87e349e011147c650cf.jpg,work/v2-frozen-export-20260902/train/images/140927627abaed6bc683_jpg.rf.87777a54aeebb87e349e011147c650cf.jpg,work/v2-frozen-export-20260902/train/labels/140927627abaed6bc683_jpg.rf.87777a54aeebb87e349e011147c650cf.txt,3,0.434390,0.776563,0.559375,low_annotation_count|large_box_area|stack_scale_box,overview_policy_consistent,overview policy check passed; retain for full-resolution correction QA
0,train,train/images/WhatsApp-Image-2026-07-03-at-11-57-47-AM_jpeg.rf.0322dfead7eae87aacfd568df093e15f.jpg,work/v2-frozen-export-20260902/train/images/WhatsApp-Image-2026-07-03-at-11-57-47-AM_jpeg.rf.0322dfead7eae87aacfd568df093e15f.jpg,work/v2-frozen-export-20260902/train/labels/WhatsApp-Image-2026-07-03-at-11-57-47-AM_jpeg.rf.0322dfead7eae87aacfd568df093e15f.txt,3,0.257215,0.934375,0.275833,low_annotation_count|large_box_area|stack_scale_box,overview_policy_consistent,overview policy check passed; retain for full-resolution correction QA
0,train,train/images/a3d560ec5fa32afe89ac_jpg.rf.e42b8972d416f2f3d43282eae01d3b54.jpg,work/v2-frozen-export-20260902/train/images/a3d560ec5fa32afe89ac_jpg.rf.e42b8972d416f2f3d43282eae01d3b54.jpg,work/v2-frozen-export-20260902/train/labels/a3d560ec5fa32afe89ac_jpg.rf.e42b8972d416f2f3d43282eae01d3b54.txt,3,0.538506,0.632812,0.870313,low_annotation_count|large_box_area|stack_scale_box,overview_policy_consistent,overview policy check passed; retain for full-resolution correction QA
0,valid,valid/images/0ed3cb7f3aa5427610af_jpg.rf.ffe412dceea1720a8e55ac13f28be2f1.jpg,work/v2-frozen-export-20260902/valid/images/0ed3cb7f3aa5427610af_jpg.rf.ffe412dceea1720a8e55ac13f28be2f1.jpg,work/v2-frozen-export-20260902/valid/labels/0ed3cb7f3aa5427610af_jpg.rf.ffe412dceea1720a8e55ac13f28be2f1.txt,4,0.208291,0.432812,0.481250,low_annotation_count|large_box_area|stack_scale_box,needs_manual_relabel,"wrong_or_mixed_annotation_unit, false/background box, or severe missing/duplicate coverage visible in review sheet"
0,train,train/images/74c1c55c022a4b7dd1f6_jpeg.rf.3dba54472a88cfb452b5e6797fee0a98.jpg,work/v2-frozen-export-20260902/train/images/74c1c55c022a4b7dd1f6_jpeg.rf.3dba54472a88cfb452b5e6797fee0a98.jpg,work/v2-frozen-export-20260902/train/labels/74c1c55c022a4b7dd1f6_jpeg.rf.3dba54472a88cfb452b5e6797fee0a98.txt,5,0.117688,0.896667,0.131250,low_annotation_count|stack_scale_box,overview_policy_consistent,overview policy check passed; retain for full-resolution correction QA
0,train,train/images/f32b812dd65d0c12b803_jpg.rf.deb8e3d5304c0e583d049f75f252824f.jpg,work/v2-frozen-export-20260902/train/images/f32b812dd65d0c12b803_jpg.rf.deb8e3d5304c0e583d049f75f252824f.jpg,work/v2-frozen-export-20260902/train/labels/f32b812dd65d0c12b803_jpg.rf.deb8e3d5304c0e583d049f75f252824f.txt,6,0.393481,0.709375,0.554688,large_box_area|stack_scale_box,overview_policy_consistent,overview policy check passed; retain for full-resolution correction QA
0,train,train/images/3b3ed50fdc6b4236e467_jpeg.rf.080d395aa3fef0f912243a73d0887528.jpg,work/v2-frozen-export-20260902/train/images/3b3ed50fdc6b4236e467_jpeg.rf.080d395aa3fef0f912243a73d0887528.jpg,work/v2-frozen-export-20260902/train/labels/3b3ed50fdc6b4236e467_jpeg.rf.080d395aa3fef0f912243a73d0887528.txt,8,0.124400,0.941667,0.160000,large_box_area|stack_scale_box,overview_policy_consistent,overview policy check passed; retain for full-resolution correction QA
0,train,train/images/WhatsApp-Image-2026-07-03-at-11-57-52-AM-1-_jpeg.rf.fb749cebf393750e0f8bf7a0d108affe.jpg,work/v2-frozen-export-20260902/train/images/WhatsApp-Image-2026-07-03-at-11-57-52-AM-1-_jpeg.rf.fb749cebf393750e0f8bf7a0d108affe.jpg,work/v2-frozen-export-20260902/train/labels/WhatsApp-Image-2026-07-03-at-11-57-52-AM-1-_jpeg.rf.fb749cebf393750e0f8bf7a0d108affe.txt,8,0.082813,0.662500,0.125000,stack_scale_box,overview_policy_consistent,overview policy check passed; retain for full-resolution correction QA
0,train,train/images/cf562ce0f6a3d606204a_jpg.rf.67622074828e336eaa4a6ac19985aeb1.jpg,work/v2-frozen-export-20260902/train/images/cf562ce0f6a3d606204a_jpg.rf.67622074828e336eaa4a6ac19985aeb1.jpg,work/v2-frozen-export-20260902/train/labels/cf562ce0f6a3d606204a_jpg.rf.67622074828e336eaa4a6ac19985aeb1.txt,10,0.332725,0.865625,0.384375,large_box_area|stack_scale_box,needs_manual_relabel,"wrong_or_mixed_annotation_unit, false/background box, or severe missing/duplicate coverage visible in review sheet"
0,valid,valid/images/dc2db98845872b41b4b9_jpg.rf.7d7891a467f9d34d5162571d01623fd8.jpg,work/v2-frozen-export-20260902/valid/images/dc2db98845872b41b4b9_jpg.rf.7d7891a467f9d34d5162571d01623fd8.jpg,work/v2-frozen-export-20260902/valid/labels/dc2db98845872b41b4b9_jpg.rf.7d7891a467f9d34d5162571d01623fd8.txt,10,0.136719,0.875000,0.273438,large_box_area|stack_scale_box,needs_manual_relabel,"wrong_or_mixed_annotation_unit, false/background box, or severe missing/duplicate coverage visible in review sheet"
0,valid,valid/images/fc31b5da0c395f550cde_jpg.rf.ff5a8a733d19a1ce84db57467d29003f.jpg,work/v2-frozen-export-20260902/valid/images/fc31b5da0c395f550cde_jpg.rf.ff5a8a733d19a1ce84db57467d29003f.jpg,work/v2-frozen-export-20260902/valid/labels/fc31b5da0c395f550cde_jpg.rf.ff5a8a733d19a1ce84db57467d29003f.txt,11,0.282283,0.692187,0.651563,large_box_area|stack_scale_box,needs_manual_relabel,"wrong_or_mixed_annotation_unit, false/background box, or severe missing/duplicate coverage visible in review sheet"
0,train,train/images/7c8a50fe5901742805a6_jpg.rf.cefa4fbf47632ca81dc5a1fc00ac4a74.jpg,work/v2-frozen-export-20260902/train/images/7c8a50fe5901742805a6_jpg.rf.cefa4fbf47632ca81dc5a1fc00ac4a74.jpg,work/v2-frozen-export-20260902/train/labels/7c8a50fe5901742805a6_jpg.rf.cefa4fbf47632ca81dc5a1fc00ac4a74.txt,14,0.167463,0.409375,0.471875,large_box_area|stack_scale_box,needs_manual_relabel,"wrong_or_mixed_annotation_unit, false/background box, or severe missing/duplicate coverage visible in review sheet"
0,train,train/images/2721453227aa78d464f0_jpg.rf.3156acf0d44079f39f1c33db9ca08ae8.jpg,work/v2-frozen-export-20260902/train/images/2721453227aa78d464f0_jpg.rf.3156acf0d44079f39f1c33db9ca08ae8.jpg,work/v2-frozen-export-20260902/train/labels/2721453227aa78d464f0_jpg.rf.3156acf0d44079f39f1c33db9ca08ae8.txt,16,0.340171,0.934375,0.364063,large_box_area|stack_scale_box,needs_manual_relabel,"wrong_or_mixed_annotation_unit, false/background box, or severe missing/duplicate coverage visible in review sheet"
0,valid,valid/images/WhatsApp-Image-2026-07-03-at-12-03-16-PM-2-_jpeg.rf.6e9d5863f8a0d30746815713deea50b4.jpg,work/v2-frozen-export-20260902/valid/images/WhatsApp-Image-2026-07-03-at-12-03-16-PM-2-_jpeg.rf.6e9d5863f8a0d30746815713deea50b4.jpg,work/v2-frozen-export-20260902/valid/labels/WhatsApp-Image-2026-07-03-at-12-03-16-PM-2-_jpeg.rf.6e9d5863f8a0d30746815713deea50b4.txt,19,0.105461,0.721875,0.146094,stack_scale_box,needs_manual_relabel,"wrong_or_mixed_annotation_unit, false/background box, or severe missing/duplicate coverage visible in review sheet"
0,train,train/images/8910b133e62daef79399_jpg.rf.c0425df4d76cef264d012c9524c7cac0.jpg,work/v2-frozen-export-20260902/train/images/8910b133e62daef79399_jpg.rf.c0425df4d76cef264d012c9524c7cac0.jpg,work/v2-frozen-export-20260902/train/labels/8910b133e62daef79399_jpg.rf.c0425df4d76cef264d012c9524c7cac0.txt,20,0.925115,0.998437,0.926562,large_box_area|stack_scale_box,needs_manual_relabel,"wrong_or_mixed_annotation_unit, false/background box, or severe missing/duplicate coverage visible in review sheet"
0,train,train/images/471c41d2a954b267a9bf_jpg.rf.4be97945cdcdb9dca1e32b5f33d47353.jpg,work/v2-frozen-export-20260902/train/images/471c41d2a954b267a9bf_jpg.rf.4be97945cdcdb9dca1e32b5f33d47353.jpg,work/v2-frozen-export-20260902/train/labels/471c41d2a954b267a9bf_jpg.rf.4be97945cdcdb9dca1e32b5f33d47353.txt,43,0.426680,0.934375,0.517188,large_box_area|stack_scale_box,needs_manual_relabel,"wrong_or_mixed_annotation_unit, false/background box, or severe missing/duplicate coverage visible in review sheet"
0,test,test/images/WhatsApp-Image-2026-07-03-at-11-57-43-AM-1-_jpeg.rf.d840b7abac2e92acfb799fc58c88830d.jpg,work/v2-frozen-export-20260902/test/images/WhatsApp-Image-2026-07-03-at-11-57-43-AM-1-_jpeg.rf.d840b7abac2e92acfb799fc58c88830d.jpg,work/v2-frozen-export-20260902/test/labels/WhatsApp-Image-2026-07-03-at-11-57-43-AM-1-_jpeg.rf.d840b7abac2e92acfb799fc58c88830d.txt,121,0.261808,0.968750,0.593333,large_box_area|stack_scale_box,needs_manual_relabel,"wrong_or_mixed_annotation_unit, false/background box, or severe missing/duplicate coverage visible in review sheet"
1,test,test/images/927321c29a7dd6148734_jpg.rf.4e697ff61e22a4f06fbc2fa2d70fa81c.jpg,work/v2-frozen-export-20260902/test/images/927321c29a7dd6148734_jpg.rf.4e697ff61e22a4f06fbc2fa2d70fa81c.jpg,work/v2-frozen-export-20260902/test/labels/927321c29a7dd6148734_jpg.rf.4e697ff61e22a4f06fbc2fa2d70fa81c.txt,1,0.005720,0.110937,0.051562,low_annotation_count,needs_manual_relabel,"wrong_or_mixed_annotation_unit, false/background box, or severe missing/duplicate coverage visible in review sheet"
1,train,train/images/71135eb061c4bb2834b5_jpg.rf.b42d50b809427781e11aabcafe881960.jpg,work/v2-frozen-export-20260902/train/images/71135eb061c4bb2834b5_jpg.rf.b42d50b809427781e11aabcafe881960.jpg,work/v2-frozen-export-20260902/train/labels/71135eb061c4bb2834b5_jpg.rf.b42d50b809427781e11aabcafe881960.txt,1,0.144753,0.329688,0.439063,low_annotation_count|large_box_area,needs_manual_relabel,"wrong_or_mixed_annotation_unit, false/background box, or severe missing/duplicate coverage visible in review sheet"
1,train,train/images/WhatsApp-Image-2026-07-03-at-11-57-58-AM_jpeg.rf.07aaf3798d3bb4597b97738790709627.jpg,work/v2-frozen-export-20260902/train/images/WhatsApp-Image-2026-07-03-at-11-57-58-AM_jpeg.rf.07aaf3798d3bb4597b97738790709627.jpg,work/v2-frozen-export-20260902/train/labels/WhatsApp-Image-2026-07-03-at-11-57-58-AM_jpeg.rf.07aaf3798d3bb4597b97738790709627.txt,1,0.132276,0.454167,0.291250,low_annotation_count|large_box_area,overview_policy_consistent,overview policy check passed; retain for full-resolution correction QA
1,train,train/images/WhatsApp-Image-2026-07-03-at-12-01-08-PM_jpeg.rf.39971e317dc3c69c798c9bee5b68e5b1.jpg,work/v2-frozen-export-20260902/train/images/WhatsApp-Image-2026-07-03-at-12-01-08-PM_jpeg.rf.39971e317dc3c69c798c9bee5b68e5b1.jpg,work/v2-frozen-export-20260902/train/labels/WhatsApp-Image-2026-07-03-at-12-01-08-PM_jpeg.rf.39971e317dc3c69c798c9bee5b68e5b1.txt,1,0.230027,0.585156,0.393103,low_annotation_count|large_box_area,overview_policy_consistent,overview policy check passed; retain for full-resolution correction QA
1,valid,valid/images/WhatsApp-Image-2026-07-03-at-12-01-08-PM-1-_jpeg.rf.44c7a05a146cbcbbc3afeb1328c36cb4.jpg,work/v2-frozen-export-20260902/valid/images/WhatsApp-Image-2026-07-03-at-12-01-08-PM-1-_jpeg.rf.44c7a05a146cbcbbc3afeb1328c36cb4.jpg,work/v2-frozen-export-20260902/valid/labels/WhatsApp-Image-2026-07-03-at-12-01-08-PM-1-_jpeg.rf.44c7a05a146cbcbbc3afeb1328c36cb4.txt,1,0.153710,0.489844,0.313793,low_annotation_count|large_box_area,overview_policy_consistent,overview policy check passed; retain for full-resolution correction QA
1,train,train/images/ab8c9531b80991831e2b_jpg.rf.cb1452eef7e5a7023b05e5dd129b71e5.jpg,work/v2-frozen-export-20260902/train/images/ab8c9531b80991831e2b_jpg.rf.cb1452eef7e5a7023b05e5dd129b71e5.jpg,work/v2-frozen-export-20260902/train/labels/ab8c9531b80991831e2b_jpg.rf.cb1452eef7e5a7023b05e5dd129b71e5.txt,2,0.074961,0.237500,0.315625,low_annotation_count,needs_manual_relabel,"wrong_or_mixed_annotation_unit, false/background box, or severe missing/duplicate coverage visible in review sheet"
1,valid,valid/images/9d0b24d779e80cbbad2d_jpg.rf.e3091e71352f53efba38e0196eca9135.jpg,work/v2-frozen-export-20260902/valid/images/9d0b24d779e80cbbad2d_jpg.rf.e3091e71352f53efba38e0196eca9135.jpg,work/v2-frozen-export-20260902/valid/labels/9d0b24d779e80cbbad2d_jpg.rf.e3091e71352f53efba38e0196eca9135.txt,2,0.130032,0.345313,0.376563,low_annotation_count|large_box_area,needs_manual_relabel,"wrong_or_mixed_annotation_unit, false/background box, or severe missing/duplicate coverage visible in review sheet"
1,train,train/images/08c3b9b331a572e9fbc9_jpg.rf.47091b2c75f62d673161058f4c617e06.jpg,work/v2-frozen-export-20260902/train/images/08c3b9b331a572e9fbc9_jpg.rf.47091b2c75f62d673161058f4c617e06.jpg,work/v2-frozen-export-20260902/train/labels/08c3b9b331a572e9fbc9_jpg.rf.47091b2c75f62d673161058f4c617e06.txt,3,0.074707,0.351562,0.212500,low_annotation_count,needs_manual_relabel,"wrong_or_mixed_annotation_unit, false/background box, or severe missing/duplicate coverage visible in review sheet"
1,train,train/images/2a05251e7b50984713f5_jpg.rf.2d371e46fa9a9cda971dc82255cec1a0.jpg,work/v2-frozen-export-20260902/train/images/2a05251e7b50984713f5_jpg.rf.2d371e46fa9a9cda971dc82255cec1a0.jpg,work/v2-frozen-export-20260902/train/labels/2a05251e7b50984713f5_jpg.rf.2d371e46fa9a9cda971dc82255cec1a0.txt,4,0.097444,0.382812,0.260937,low_annotation_count,needs_manual_relabel,"wrong_or_mixed_annotation_unit, false/background box, or severe missing/duplicate coverage visible in review sheet"
1,train,train/images/WhatsApp-Image-2026-07-03-at-11-57-31-AM_jpeg.rf.0f3f9aafe62a40c6ada269bc635e34fa.jpg,work/v2-frozen-export-20260902/train/images/WhatsApp-Image-2026-07-03-at-11-57-31-AM_jpeg.rf.0f3f9aafe62a40c6ada269bc635e34fa.jpg,work/v2-frozen-export-20260902/train/labels/WhatsApp-Image-2026-07-03-at-11-57-31-AM_jpeg.rf.0f3f9aafe62a40c6ada269bc635e34fa.txt,4,0.107209,0.422500,0.253750,low_annotation_count,overview_policy_consistent,overview policy check passed; retain for full-resolution correction QA
1,train,train/images/WhatsApp-Image-2026-07-03-at-11-58-22-AM-1-_jpeg.rf.3facd84c6dc37a30912f355454519b97.jpg,work/v2-frozen-export-20260902/train/images/WhatsApp-Image-2026-07-03-at-11-58-22-AM-1-_jpeg.rf.3facd84c6dc37a30912f355454519b97.jpg,work/v2-frozen-export-20260902/train/labels/WhatsApp-Image-2026-07-03-at-11-58-22-AM-1-_jpeg.rf.3facd84c6dc37a30912f355454519b97.txt,4,0.127634,0.375000,0.395000,low_annotation_count|large_box_area,overview_policy_consistent,overview policy check passed; retain for full-resolution correction QA
1,train,train/images/WhatsApp-Image-2026-07-03-at-12-02-55-PM_jpeg.rf.437867742c3572515db51bd8d9442acd.jpg,work/v2-frozen-export-20260902/train/images/WhatsApp-Image-2026-07-03-at-12-02-55-PM_jpeg.rf.437867742c3572515db51bd8d9442acd.jpg,work/v2-frozen-export-20260902/train/labels/WhatsApp-Image-2026-07-03-at-12-02-55-PM_jpeg.rf.437867742c3572515db51bd8d9442acd.txt,4,0.182446,0.552083,0.330469,low_annotation_count|large_box_area,overview_policy_consistent,overview policy check passed; retain for full-resolution correction QA
1,valid,valid/images/WhatsApp-Image-2026-07-03-at-11-58-23-AM-1-_jpeg.rf.06354487b120b021b342d5d5eb6bc949.jpg,work/v2-frozen-export-20260902/valid/images/WhatsApp-Image-2026-07-03-at-11-58-23-AM-1-_jpeg.rf.06354487b120b021b342d5d5eb6bc949.jpg,work/v2-frozen-export-20260902/valid/labels/WhatsApp-Image-2026-07-03-at-11-58-23-AM-1-_jpeg.rf.06354487b120b021b342d5d5eb6bc949.txt,4,0.136790,0.442500,0.317500,low_annotation_count|large_box_area,overview_policy_consistent,overview policy check passed; retain for full-resolution correction QA
1,valid,valid/images/WhatsApp-Image-2026-07-03-at-11-58-23-AM-2-_jpeg.rf.12e6173e841713267c7c6f928460e7a6.jpg,work/v2-frozen-export-20260902/valid/images/WhatsApp-Image-2026-07-03-at-11-58-23-AM-2-_jpeg.rf.12e6173e841713267c7c6f928460e7a6.jpg,work/v2-frozen-export-20260902/valid/labels/WhatsApp-Image-2026-07-03-at-11-58-23-AM-2-_jpeg.rf.12e6173e841713267c7c6f928460e7a6.txt,4,0.129127,0.437500,0.305625,low_annotation_count|large_box_area,overview_policy_consistent,overview policy check passed; retain for full-resolution correction QA
1,valid,valid/images/WhatsApp-Image-2026-07-03-at-12-00-54-PM_jpeg.rf.f452ebe21af57a206cf0099992a22cdf.jpg,work/v2-frozen-export-20260902/valid/images/WhatsApp-Image-2026-07-03-at-12-00-54-PM_jpeg.rf.f452ebe21af57a206cf0099992a22cdf.jpg,work/v2-frozen-export-20260902/valid/labels/WhatsApp-Image-2026-07-03-at-12-00-54-PM_jpeg.rf.f452ebe21af57a206cf0099992a22cdf.txt,4,0.055664,0.178125,0.322222,low_annotation_count,overview_policy_consistent,overview policy check passed; retain for full-resolution correction QA
1,train,train/images/WhatsApp-Image-2026-07-03-at-12-00-34-PM-2-_jpeg.rf.93f3a94d8ae5921fa8e61cf62a01941e.jpg,work/v2-frozen-export-20260902/train/images/WhatsApp-Image-2026-07-03-at-12-00-34-PM-2-_jpeg.rf.93f3a94d8ae5921fa8e61cf62a01941e.jpg,work/v2-frozen-export-20260902/train/labels/WhatsApp-Image-2026-07-03-at-12-00-34-PM-2-_jpeg.rf.93f3a94d8ae5921fa8e61cf62a01941e.txt,5,0.047217,0.159375,0.345361,low_annotation_count,overview_policy_consistent,overview policy check passed; retain for full-resolution correction QA
1,valid,valid/images/36dccd6307a7fbd801d3_jpg.rf.6a6249830cc84516b001f90994a5e1d7.jpg,work/v2-frozen-export-20260902/valid/images/36dccd6307a7fbd801d3_jpg.rf.6a6249830cc84516b001f90994a5e1d7.jpg,work/v2-frozen-export-20260902/valid/labels/36dccd6307a7fbd801d3_jpg.rf.6a6249830cc84516b001f90994a5e1d7.txt,6,0.123750,0.412500,0.300000,large_box_area,overview_policy_consistent,overview policy check passed; retain for full-resolution correction QA
1,test,test/images/d3b9c36c583b721a058b_jpg.rf.674e4ac894aa749223dc62a8f221cdbc.jpg,work/v2-frozen-export-20260902/test/images/d3b9c36c583b721a058b_jpg.rf.674e4ac894aa749223dc62a8f221cdbc.jpg,work/v2-frozen-export-20260902/test/labels/d3b9c36c583b721a058b_jpg.rf.674e4ac894aa749223dc62a8f221cdbc.txt,31,0.182988,0.542188,0.337500,large_box_area,needs_manual_relabel,"wrong_or_mixed_annotation_unit, false/background box, or severe missing/duplicate coverage visible in review sheet"
2,train,train/images/392dd4934876e29bf6cd_jpg.rf.542e12abbaac80100e33d02ab4d181e3.jpg,work/v2-frozen-export-20260902/train/images/392dd4934876e29bf6cd_jpg.rf.542e12abbaac80100e33d02ab4d181e3.jpg,work/v2-frozen-export-20260902/train/labels/392dd4934876e29bf6cd_jpg.rf.542e12abbaac80100e33d02ab4d181e3.txt,6,0.036738,0.112500,0.365625,routine_policy_review,needs_manual_relabel,"wrong_or_mixed_annotation_unit, false/background box, or severe missing/duplicate coverage visible in review sheet"
2,train,train/images/WhatsApp-Image-2026-07-03-at-12-00-51-PM_jpeg.rf.4eb2985ae042c0e40d9947f6827f182e.jpg,work/v2-frozen-export-20260902/train/images/WhatsApp-Image-2026-07-03-at-12-00-51-PM_jpeg.rf.4eb2985ae042c0e40d9947f6827f182e.jpg,work/v2-frozen-export-20260902/train/labels/WhatsApp-Image-2026-07-03-at-12-00-51-PM_jpeg.rf.4eb2985ae042c0e40d9947f6827f182e.txt,7,0.068111,0.369416,0.184375,routine_policy_review,overview_policy_consistent,overview policy check passed; retain for full-resolution correction QA
2,train,train/images/9b375e96a00568fd4dc9_jpg.rf.6b88ea2022e108e696677db4cceb7f7c.jpg,work/v2-frozen-export-20260902/train/images/9b375e96a00568fd4dc9_jpg.rf.6b88ea2022e108e696677db4cceb7f7c.jpg,work/v2-frozen-export-20260902/train/labels/9b375e96a00568fd4dc9_jpg.rf.6b88ea2022e108e696677db4cceb7f7c.txt,8,0.066565,0.320312,0.207813,routine_policy_review,needs_manual_relabel,"wrong_or_mixed_annotation_unit, false/background box, or severe missing/duplicate coverage visible in review sheet"
2,valid,valid/images/WhatsApp-Image-2026-07-03-at-11-57-18-AM-1-_jpeg.rf.1b745a6ae3d3aa7fcd62e73a7c75e158.jpg,work/v2-frozen-export-20260902/valid/images/WhatsApp-Image-2026-07-03-at-11-57-18-AM-1-_jpeg.rf.1b745a6ae3d3aa7fcd62e73a7c75e158.jpg,work/v2-frozen-export-20260902/valid/labels/WhatsApp-Image-2026-07-03-at-11-57-18-AM-1-_jpeg.rf.1b745a6ae3d3aa7fcd62e73a7c75e158.txt,10,0.067719,0.328333,0.206250,routine_policy_review,overview_policy_consistent,overview policy check passed; retain for full-resolution correction QA
2,test,test/images/WhatsApp-Image-2026-07-03-at-11-57-20-AM_jpeg.rf.186b41101dd625aa15700c9ea12d1923.jpg,work/v2-frozen-export-20260902/test/images/WhatsApp-Image-2026-07-03-at-11-57-20-AM_jpeg.rf.186b41101dd625aa15700c9ea12d1923.jpg,work/v2-frozen-export-20260902/test/labels/WhatsApp-Image-2026-07-03-at-11-57-20-AM_jpeg.rf.186b41101dd625aa15700c9ea12d1923.txt,11,0.079292,0.577500,0.145000,routine_policy_review,overview_policy_consistent,overview policy check passed; retain for full-resolution correction QA
2,train,train/images/5aae0b69f91f8bdcbbf7_jpg.rf.b6983fd4127023336eeb7ee485d2f70c.jpg,work/v2-frozen-export-20260902/train/images/5aae0b69f91f8bdcbbf7_jpg.rf.b6983fd4127023336eeb7ee485d2f70c.jpg,work/v2-frozen-export-20260902/train/labels/5aae0b69f91f8bdcbbf7_jpg.rf.b6983fd4127023336eeb7ee485d2f70c.txt,13,0.052852,0.145313,0.395313,routine_policy_review,needs_manual_relabel,"wrong_or_mixed_annotation_unit, false/background box, or severe missing/duplicate coverage visible in review sheet"
2,train,train/images/WhatsApp-Image-2026-07-03-at-11-57-45-AM-1-_jpeg.rf.d59de69a9002db562490c24297e46c22.jpg,work/v2-frozen-export-20260902/train/images/WhatsApp-Image-2026-07-03-at-11-57-45-AM-1-_jpeg.rf.d59de69a9002db562490c24297e46c22.jpg,work/v2-frozen-export-20260902/train/labels/WhatsApp-Image-2026-07-03-at-11-57-45-AM-1-_jpeg.rf.d59de69a9002db562490c24297e46c22.txt,14,0.085864,0.579375,0.149167,routine_policy_review,overview_policy_consistent,overview policy check passed; retain for full-resolution correction QA
2,train,train/images/a0bab6bc320585fa213a_jpg.rf.ba1109e56470427dcbd70ef0a17e16a7.jpg,work/v2-frozen-export-20260902/train/images/a0bab6bc320585fa213a_jpg.rf.ba1109e56470427dcbd70ef0a17e16a7.jpg,work/v2-frozen-export-20260902/train/labels/a0bab6bc320585fa213a_jpg.rf.ba1109e56470427dcbd70ef0a17e16a7.txt,15,0.081885,0.337500,0.243750,routine_policy_review,overview_policy_consistent,overview policy check passed; retain for full-resolution correction QA
2,train,train/images/WhatsApp-Image-2026-07-03-at-11-59-00-AM-3-_jpeg.rf.f8ac320723aedf4edce9cf5a0230a32b.jpg,work/v2-frozen-export-20260902/train/images/WhatsApp-Image-2026-07-03-at-11-59-00-AM-3-_jpeg.rf.f8ac320723aedf4edce9cf5a0230a32b.jpg,work/v2-frozen-export-20260902/train/labels/WhatsApp-Image-2026-07-03-at-11-59-00-AM-3-_jpeg.rf.f8ac320723aedf4edce9cf5a0230a32b.txt,16,0.020200,0.345000,0.063125,routine_policy_review,overview_policy_consistent,overview policy check passed; retain for full-resolution correction QA
2,train,train/images/WhatsApp-Image-2026-07-03-at-12-00-52-PM_jpeg.rf.f9abdd1d7e8d0fd90f0073b0c3a6ae09.jpg,work/v2-frozen-export-20260902/train/images/WhatsApp-Image-2026-07-03-at-12-00-52-PM_jpeg.rf.f9abdd1d7e8d0fd90f0073b0c3a6ae09.jpg,work/v2-frozen-export-20260902/train/labels/WhatsApp-Image-2026-07-03-at-12-00-52-PM_jpeg.rf.f9abdd1d7e8d0fd90f0073b0c3a6ae09.txt,16,0.014048,0.347079,0.050781,routine_policy_review,overview_policy_consistent,overview policy check passed; retain for full-resolution correction QA
2,train,train/images/WhatsApp-Image-2026-07-03-at-11-57-21-AM_jpeg.rf.e533e6909b76423bd99c2337cd6fe1a6.jpg,work/v2-frozen-export-20260902/train/images/WhatsApp-Image-2026-07-03-at-11-57-21-AM_jpeg.rf.e533e6909b76423bd99c2337cd6fe1a6.jpg,work/v2-frozen-export-20260902/train/labels/WhatsApp-Image-2026-07-03-at-11-57-21-AM_jpeg.rf.e533e6909b76423bd99c2337cd6fe1a6.txt,17,0.016922,0.345833,0.059375,routine_policy_review,overview_policy_consistent,overview policy check passed; retain for full-resolution correction QA
2,train,train/images/WhatsApp-Image-2026-07-03-at-11-57-50-AM_jpeg.rf.a95a46ed54a201c8bba806db89978ca2.jpg,work/v2-frozen-export-20260902/train/images/WhatsApp-Image-2026-07-03-at-11-57-50-AM_jpeg.rf.a95a46ed54a201c8bba806db89978ca2.jpg,work/v2-frozen-export-20260902/train/labels/WhatsApp-Image-2026-07-03-at-11-57-50-AM_jpeg.rf.a95a46ed54a201c8bba806db89978ca2.txt,17,0.034253,0.282500,0.121250,routine_policy_review,overview_policy_consistent,overview policy check passed; retain for full-resolution correction QA
2,train,train/images/WhatsApp-Image-2026-07-03-at-12-00-40-PM-2-_jpeg.rf.5c73751f2b2c36c912419d5a3f31835c.jpg,work/v2-frozen-export-20260902/train/images/WhatsApp-Image-2026-07-03-at-12-00-40-PM-2-_jpeg.rf.5c73751f2b2c36c912419d5a3f31835c.jpg,work/v2-frozen-export-20260902/train/labels/WhatsApp-Image-2026-07-03-at-12-00-40-PM-2-_jpeg.rf.5c73751f2b2c36c912419d5a3f31835c.txt,17,0.015647,0.455172,0.042188,routine_policy_review,overview_policy_consistent,overview policy check passed; retain for full-resolution correction QA
2,train,train/images/WhatsApp-Image-2026-07-03-at-11-57-17-AM-2-_jpeg.rf.62c3a1bd2885ac44ecbc8ec7b83da2dd.jpg,work/v2-frozen-export-20260902/train/images/WhatsApp-Image-2026-07-03-at-11-57-17-AM-2-_jpeg.rf.62c3a1bd2885ac44ecbc8ec7b83da2dd.jpg,work/v2-frozen-export-20260902/train/labels/WhatsApp-Image-2026-07-03-at-11-57-17-AM-2-_jpeg.rf.62c3a1bd2885ac44ecbc8ec7b83da2dd.txt,18,0.025059,0.406667,0.063750,routine_policy_review,overview_policy_consistent,overview policy check passed; retain for full-resolution correction QA
2,train,train/images/WhatsApp-Image-2026-07-03-at-11-58-39-AM_jpeg.rf.b468250bfadebfbb7e64ad2ee75565af.jpg,work/v2-frozen-export-20260902/train/images/WhatsApp-Image-2026-07-03-at-11-58-39-AM_jpeg.rf.b468250bfadebfbb7e64ad2ee75565af.jpg,work/v2-frozen-export-20260902/train/labels/WhatsApp-Image-2026-07-03-at-11-58-39-AM_jpeg.rf.b468250bfadebfbb7e64ad2ee75565af.txt,19,0.047317,0.450000,0.113333,routine_policy_review,overview_policy_consistent,overview policy check passed; retain for full-resolution correction QA
2,train,train/images/c2a9b50ff52dd7dda148_jpg.rf.eb7170f527ca61f6a3c870aca3db6e23.jpg,work/v2-frozen-export-20260902/train/images/c2a9b50ff52dd7dda148_jpg.rf.eb7170f527ca61f6a3c870aca3db6e23.jpg,work/v2-frozen-export-20260902/train/labels/c2a9b50ff52dd7dda148_jpg.rf.eb7170f527ca61f6a3c870aca3db6e23.txt,19,0.047046,0.151562,0.385937,routine_policy_review,needs_manual_relabel,"wrong_or_mixed_annotation_unit, false/background box, or severe missing/duplicate coverage visible in review sheet"
2,valid,valid/images/WhatsApp-Image-2026-07-03-at-11-58-27-AM_jpeg.rf.014079245367617006b59ee4c7c7fb4f.jpg,work/v2-frozen-export-20260902/valid/images/WhatsApp-Image-2026-07-03-at-11-58-27-AM_jpeg.rf.014079245367617006b59ee4c7c7fb4f.jpg,work/v2-frozen-export-20260902/valid/labels/WhatsApp-Image-2026-07-03-at-11-58-27-AM_jpeg.rf.014079245367617006b59ee4c7c7fb4f.txt,19,0.021918,0.371667,0.066250,routine_policy_review,overview_policy_consistent,overview policy check passed; retain for full-resolution correction QA
2,train,train/images/WhatsApp-Image-2026-07-03-at-12-01-13-PM-1-_jpeg.rf.eaa37cbeab66e7ca67d642723cbc815c.jpg,work/v2-frozen-export-20260902/train/images/WhatsApp-Image-2026-07-03-at-12-01-13-PM-1-_jpeg.rf.eaa37cbeab66e7ca67d642723cbc815c.jpg,work/v2-frozen-export-20260902/train/labels/WhatsApp-Image-2026-07-03-at-12-01-13-PM-1-_jpeg.rf.eaa37cbeab66e7ca67d642723cbc815c.txt,20,0.020398,0.487973,0.048438,routine_policy_review,overview_policy_consistent,overview policy check passed; retain for full-resolution correction QA
2,train,train/images/1f4e07b914f69cf7734a_jpeg.rf.120bcfb4ad79c9737acb894798520a87.jpg,work/v2-frozen-export-20260902/train/images/1f4e07b914f69cf7734a_jpeg.rf.120bcfb4ad79c9737acb894798520a87.jpg,work/v2-frozen-export-20260902/train/labels/1f4e07b914f69cf7734a_jpeg.rf.120bcfb4ad79c9737acb894798520a87.txt,23,0.030567,0.198333,0.163750,routine_policy_review,needs_manual_relabel,"wrong_or_mixed_annotation_unit, false/background box, or severe missing/duplicate coverage visible in review sheet"
2,train,train/images/WhatsApp-Image-2026-07-03-at-11-58-00-AM-2-_jpeg.rf.d66f8862f5faad027a34e55c5fca53ff.jpg,work/v2-frozen-export-20260902/train/images/WhatsApp-Image-2026-07-03-at-11-58-00-AM-2-_jpeg.rf.d66f8862f5faad027a34e55c5fca53ff.jpg,work/v2-frozen-export-20260902/train/labels/WhatsApp-Image-2026-07-03-at-11-58-00-AM-2-_jpeg.rf.d66f8862f5faad027a34e55c5fca53ff.txt,28,0.017445,0.320833,0.058125,routine_policy_review,overview_policy_consistent,overview policy check passed; retain for full-resolution correction QA
2,train,train/images/WhatsApp-Image-2026-07-03-at-12-00-52-PM-1-_jpeg.rf.7415621cc2a5bdfe44447f79140bd213.jpg,work/v2-frozen-export-20260902/train/images/WhatsApp-Image-2026-07-03-at-12-00-52-PM-1-_jpeg.rf.7415621cc2a5bdfe44447f79140bd213.jpg,work/v2-frozen-export-20260902/train/labels/WhatsApp-Image-2026-07-03-at-12-00-52-PM-1-_jpeg.rf.7415621cc2a5bdfe44447f79140bd213.txt,30,0.014283,0.376289,0.043750,routine_policy_review,overview_policy_consistent,overview policy check passed; retain for full-resolution correction QA
2,test,test/images/WhatsApp-Image-2026-07-03-at-11-57-17-AM_jpeg.rf.c023e0f72194c050fe5968057ad4a2e9.jpg,work/v2-frozen-export-20260902/test/images/WhatsApp-Image-2026-07-03-at-11-57-17-AM_jpeg.rf.c023e0f72194c050fe5968057ad4a2e9.jpg,work/v2-frozen-export-20260902/test/labels/WhatsApp-Image-2026-07-03-at-11-57-17-AM_jpeg.rf.c023e0f72194c050fe5968057ad4a2e9.txt,33,0.065887,0.462500,0.164375,routine_policy_review,overview_policy_consistent,overview policy check passed; retain for full-resolution correction QA
2,train,train/images/WhatsApp-Image-2026-07-03-at-11-57-16-AM_jpeg.rf.b8d6768d8a0324dcbe0067deb3f30322.jpg,work/v2-frozen-export-20260902/train/images/WhatsApp-Image-2026-07-03-at-11-57-16-AM_jpeg.rf.b8d6768d8a0324dcbe0067deb3f30322.jpg,work/v2-frozen-export-20260902/train/labels/WhatsApp-Image-2026-07-03-at-11-57-16-AM_jpeg.rf.b8d6768d8a0324dcbe0067deb3f30322.txt,38,0.018053,0.197500,0.092188,routine_policy_review,needs_manual_relabel,"wrong_or_mixed_annotation_unit, false/background box, or severe missing/duplicate coverage visible in review sheet"
2,test,test/images/WhatsApp-Image-2026-07-03-at-11-58-26-AM_jpeg.rf.d0dc60fe6d1696109d04775b1808359b.jpg,work/v2-frozen-export-20260902/test/images/WhatsApp-Image-2026-07-03-at-11-58-26-AM_jpeg.rf.d0dc60fe6d1696109d04775b1808359b.jpg,work/v2-frozen-export-20260902/test/labels/WhatsApp-Image-2026-07-03-at-11-58-26-AM_jpeg.rf.d0dc60fe6d1696109d04775b1808359b.txt,39,0.022080,0.386667,0.060625,routine_policy_review,overview_policy_consistent,overview policy check passed; retain for full-resolution correction QA
2,train,train/images/WhatsApp-Image-2026-07-03-at-11-57-10-AM_jpeg.rf.841362bcc4f0c9cfaf4f5bf60107b328.jpg,work/v2-frozen-export-20260902/train/images/WhatsApp-Image-2026-07-03-at-11-57-10-AM_jpeg.rf.841362bcc4f0c9cfaf4f5bf60107b328.jpg,work/v2-frozen-export-20260902/train/labels/WhatsApp-Image-2026-07-03-at-11-57-10-AM_jpeg.rf.841362bcc4f0c9cfaf4f5bf60107b328.txt,39,0.028935,0.328333,0.128125,routine_policy_review,needs_manual_relabel,"wrong_or_mixed_annotation_unit, false/background box, or severe missing/duplicate coverage visible in review sheet"
2,train,train/images/WhatsApp-Image-2026-07-03-at-11-57-02-AM_jpeg.rf.2e675a700d201ad47d85e96db6a07424.jpg,work/v2-frozen-export-20260902/train/images/WhatsApp-Image-2026-07-03-at-11-57-02-AM_jpeg.rf.2e675a700d201ad47d85e96db6a07424.jpg,work/v2-frozen-export-20260902/train/labels/WhatsApp-Image-2026-07-03-at-11-57-02-AM_jpeg.rf.2e675a700d201ad47d85e96db6a07424.txt,52,0.012675,0.161875,0.105833,routine_policy_review,needs_manual_relabel,"wrong_or_mixed_annotation_unit, false/background box, or severe missing/duplicate coverage visible in review sheet"
2,train,train/images/d840c16a733d06010b10_jpg.rf.3f4e5bd9451fe7c99ecfe918844b063f.jpg,work/v2-frozen-export-20260902/train/images/d840c16a733d06010b10_jpg.rf.3f4e5bd9451fe7c99ecfe918844b063f.jpg,work/v2-frozen-export-20260902/train/labels/d840c16a733d06010b10_jpg.rf.3f4e5bd9451fe7c99ecfe918844b063f.txt,54,0.062329,0.215625,0.289062,routine_policy_review,needs_manual_relabel,"wrong_or_mixed_annotation_unit, false/background box, or severe missing/duplicate coverage visible in review sheet"
2,valid,valid/images/WhatsApp-Image-2026-07-03-at-12-01-15-PM-1-_jpeg.rf.6d4dcffe5d67618db97f6005cf837772.jpg,work/v2-frozen-export-20260902/valid/images/WhatsApp-Image-2026-07-03-at-12-01-15-PM-1-_jpeg.rf.6d4dcffe5d67618db97f6005cf837772.jpg,work/v2-frozen-export-20260902/valid/labels/WhatsApp-Image-2026-07-03-at-12-01-15-PM-1-_jpeg.rf.6d4dcffe5d67618db97f6005cf837772.txt,56,0.003490,0.094531,0.042955,routine_policy_review,overview_policy_consistent,overview policy check passed; retain for full-resolution correction QA
2,test,test/images/WhatsApp-Image-2026-07-03-at-11-58-30-AM_jpeg.rf.04705d93f3255e3432edb82dfa7d8ba7.jpg,work/v2-frozen-export-20260902/test/images/WhatsApp-Image-2026-07-03-at-11-58-30-AM_jpeg.rf.04705d93f3255e3432edb82dfa7d8ba7.jpg,work/v2-frozen-export-20260902/test/labels/WhatsApp-Image-2026-07-03-at-11-58-30-AM_jpeg.rf.04705d93f3255e3432edb82dfa7d8ba7.txt,60,0.017276,0.333333,0.066875,routine_policy_review,overview_policy_consistent,overview policy check passed; retain for full-resolution correction QA
2,train,train/images/6230e5bfdf3c5cd5e6ec_jpeg.rf.9c711a2f97702112edbfd4964f5d21b1.jpg,work/v2-frozen-export-20260902/train/images/6230e5bfdf3c5cd5e6ec_jpeg.rf.9c711a2f97702112edbfd4964f5d21b1.jpg,work/v2-frozen-export-20260902/train/labels/6230e5bfdf3c5cd5e6ec_jpeg.rf.9c711a2f97702112edbfd4964f5d21b1.txt,60,0.008628,0.230833,0.041250,routine_policy_review,overview_policy_consistent,overview policy check passed; retain for full-resolution correction QA
2,train,train/images/WhatsApp-Image-2026-07-03-at-12-01-13-PM_jpeg.rf.57d89fb504b43c799e4f4e479c49865a.jpg,work/v2-frozen-export-20260902/train/images/WhatsApp-Image-2026-07-03-at-12-01-13-PM_jpeg.rf.57d89fb504b43c799e4f4e479c49865a.jpg,work/v2-frozen-export-20260902/train/labels/WhatsApp-Image-2026-07-03-at-12-01-13-PM_jpeg.rf.57d89fb504b43c799e4f4e479c49865a.txt,60,0.009692,0.362543,0.032813,routine_policy_review,overview_policy_consistent,overview policy check passed; retain for full-resolution correction QA
2,valid,valid/images/WhatsApp-Image-2026-07-03-at-11-57-23-AM_jpeg.rf.6f87179ee1ed76c8dd62da997afc89c2.jpg,work/v2-frozen-export-20260902/valid/images/WhatsApp-Image-2026-07-03-at-11-57-23-AM_jpeg.rf.6f87179ee1ed76c8dd62da997afc89c2.jpg,work/v2-frozen-export-20260902/valid/labels/WhatsApp-Image-2026-07-03-at-11-57-23-AM_jpeg.rf.6f87179ee1ed76c8dd62da997afc89c2.txt,68,0.013073,0.225000,0.062500,routine_policy_review,overview_policy_consistent,overview policy check passed; retain for full-resolution correction QA
2,train,train/images/WhatsApp-Image-2026-07-03-at-11-58-08-AM-2-_jpeg.rf.a732a0ecaa8eca85771c1d465206ed47.jpg,work/v2-frozen-export-20260902/train/images/WhatsApp-Image-2026-07-03-at-11-58-08-AM-2-_jpeg.rf.a732a0ecaa8eca85771c1d465206ed47.jpg,work/v2-frozen-export-20260902/train/labels/WhatsApp-Image-2026-07-03-at-11-58-08-AM-2-_jpeg.rf.a732a0ecaa8eca85771c1d465206ed47.txt,70,0.006878,0.163333,0.046875,routine_policy_review,overview_policy_consistent,overview policy check passed; retain for full-resolution correction QA
2,train,train/images/98d66ec21cca75d245dd_jpeg.rf.6947ecd98a60e54ce570dd3a976c8014.jpg,work/v2-frozen-export-20260902/train/images/98d66ec21cca75d245dd_jpeg.rf.6947ecd98a60e54ce570dd3a976c8014.jpg,work/v2-frozen-export-20260902/train/labels/98d66ec21cca75d245dd_jpeg.rf.6947ecd98a60e54ce570dd3a976c8014.txt,73,0.012431,0.213333,0.063750,routine_policy_review,overview_policy_consistent,overview policy check passed; retain for full-resolution correction QA
2,train,train/images/WhatsApp-Image-2026-07-03-at-11-57-28-AM-1-_jpeg.rf.918b72a6eafb86cc69db4b6a7d1e2d9b.jpg,work/v2-frozen-export-20260902/train/images/WhatsApp-Image-2026-07-03-at-11-57-28-AM-1-_jpeg.rf.918b72a6eafb86cc69db4b6a7d1e2d9b.jpg,work/v2-frozen-export-20260902/train/labels/WhatsApp-Image-2026-07-03-at-11-57-28-AM-1-_jpeg.rf.918b72a6eafb86cc69db4b6a7d1e2d9b.txt,74,0.014150,0.259167,0.060000,routine_policy_review,overview_policy_consistent,overview policy check passed; retain for full-resolution correction QA
2,train,train/images/WhatsApp-Image-2026-07-03-at-11-58-00-AM-1-_jpeg.rf.d95686c4c188a9035fb0fc07afb48174.jpg,work/v2-frozen-export-20260902/train/images/WhatsApp-Image-2026-07-03-at-11-58-00-AM-1-_jpeg.rf.d95686c4c188a9035fb0fc07afb48174.jpg,work/v2-frozen-export-20260902/train/labels/WhatsApp-Image-2026-07-03-at-11-58-00-AM-1-_jpeg.rf.d95686c4c188a9035fb0fc07afb48174.txt,74,0.011020,0.251667,0.044375,routine_policy_review,overview_policy_consistent,overview policy check passed; retain for full-resolution correction QA
2,valid,valid/images/WhatsApp-Image-2026-07-03-at-11-57-54-AM-1-_jpeg.rf.c90c46acca6e61b9849fb3d8484bea45.jpg,work/v2-frozen-export-20260902/valid/images/WhatsApp-Image-2026-07-03-at-11-57-54-AM-1-_jpeg.rf.c90c46acca6e61b9849fb3d8484bea45.jpg,work/v2-frozen-export-20260902/valid/labels/WhatsApp-Image-2026-07-03-at-11-57-54-AM-1-_jpeg.rf.c90c46acca6e61b9849fb3d8484bea45.txt,75,0.007528,0.201667,0.047500,routine_policy_review,overview_policy_consistent,overview policy check passed; retain for full-resolution correction QA
2,train,train/images/WhatsApp-Image-2026-07-03-at-11-57-00-AM_jpeg.rf.7380bd645aad8934219b6c74c07c3581.jpg,work/v2-frozen-export-20260902/train/images/WhatsApp-Image-2026-07-03-at-11-57-00-AM_jpeg.rf.7380bd645aad8934219b6c74c07c3581.jpg,work/v2-frozen-export-20260902/train/labels/WhatsApp-Image-2026-07-03-at-11-57-00-AM_jpeg.rf.7380bd645aad8934219b6c74c07c3581.txt,79,0.026163,0.301875,0.101667,routine_policy_review,overview_policy_consistent,overview policy check passed; retain for full-resolution correction QA
2,train,train/images/WhatsApp-Image-2026-07-03-at-11-57-35-AM_jpeg.rf.d5565989d6e0ac18aebb3ba8b2501dda.jpg,work/v2-frozen-export-20260902/train/images/WhatsApp-Image-2026-07-03-at-11-57-35-AM_jpeg.rf.d5565989d6e0ac18aebb3ba8b2501dda.jpg,work/v2-frozen-export-20260902/train/labels/WhatsApp-Image-2026-07-03-at-11-57-35-AM_jpeg.rf.d5565989d6e0ac18aebb3ba8b2501dda.txt,80,0.008106,0.185833,0.049375,routine_policy_review,overview_policy_consistent,overview policy check passed; retain for full-resolution correction QA
2,valid,valid/images/WhatsApp-Image-2026-07-03-at-11-57-20-AM-2-_jpeg.rf.55fe4b40a72dd1a1a4b246e6854f55db.jpg,work/v2-frozen-export-20260902/valid/images/WhatsApp-Image-2026-07-03-at-11-57-20-AM-2-_jpeg.rf.55fe4b40a72dd1a1a4b246e6854f55db.jpg,work/v2-frozen-export-20260902/valid/labels/WhatsApp-Image-2026-07-03-at-11-57-20-AM-2-_jpeg.rf.55fe4b40a72dd1a1a4b246e6854f55db.txt,82,0.012240,0.221667,0.060000,routine_policy_review,overview_policy_consistent,overview policy check passed; retain for full-resolution correction QA
2,train,train/images/WhatsApp-Image-2026-07-03-at-11-57-32-AM-1-_jpeg.rf.0828add7c8b7eae77317d0e144a128e3.jpg,work/v2-frozen-export-20260902/train/images/WhatsApp-Image-2026-07-03-at-11-57-32-AM-1-_jpeg.rf.0828add7c8b7eae77317d0e144a128e3.jpg,work/v2-frozen-export-20260902/train/labels/WhatsApp-Image-2026-07-03-at-11-57-32-AM-1-_jpeg.rf.0828add7c8b7eae77317d0e144a128e3.txt,90,0.005715,0.203333,0.045000,routine_policy_review,overview_policy_consistent,overview policy check passed; retain for full-resolution correction QA
2,train,train/images/WhatsApp-Image-2026-07-03-at-11-58-37-AM_jpeg.rf.69128d31a5f2b8e3b36d0007fa080b2f.jpg,work/v2-frozen-export-20260902/train/images/WhatsApp-Image-2026-07-03-at-11-58-37-AM_jpeg.rf.69128d31a5f2b8e3b36d0007fa080b2f.jpg,work/v2-frozen-export-20260902/train/labels/WhatsApp-Image-2026-07-03-at-11-58-37-AM_jpeg.rf.69128d31a5f2b8e3b36d0007fa080b2f.txt,95,0.013853,0.213125,0.070000,routine_policy_review,overview_policy_consistent,overview policy check passed; retain for full-resolution correction QA
2,train,train/images/32766c4e23b881d53bb7_jpeg.rf.0dd51a38db1307b54c47481960c1f609.jpg,work/v2-frozen-export-20260902/train/images/32766c4e23b881d53bb7_jpeg.rf.0dd51a38db1307b54c47481960c1f609.jpg,work/v2-frozen-export-20260902/train/labels/32766c4e23b881d53bb7_jpeg.rf.0dd51a38db1307b54c47481960c1f609.txt,100,0.006561,0.167500,0.045833,routine_policy_review,overview_policy_consistent,overview policy check passed; retain for full-resolution correction QA
2,train,train/images/WhatsApp-Image-2026-07-03-at-12-00-27-PM_jpeg.rf.0e4f0c3859b70cda93a6a4b08fac2214.jpg,work/v2-frozen-export-20260902/train/images/WhatsApp-Image-2026-07-03-at-12-00-27-PM_jpeg.rf.0e4f0c3859b70cda93a6a4b08fac2214.jpg,work/v2-frozen-export-20260902/train/labels/WhatsApp-Image-2026-07-03-at-12-00-27-PM_jpeg.rf.0e4f0c3859b70cda93a6a4b08fac2214.txt,100,0.000943,0.047656,0.025862,routine_policy_review,overview_policy_consistent,overview policy check passed; retain for full-resolution correction QA
2,valid,valid/images/WhatsApp-Image-2026-07-03-at-11-56-54-AM_jpeg.rf.72c573234d6d423948ee8b9b923e9652.jpg,work/v2-frozen-export-20260902/valid/images/WhatsApp-Image-2026-07-03-at-11-56-54-AM_jpeg.rf.72c573234d6d423948ee8b9b923e9652.jpg,work/v2-frozen-export-20260902/valid/labels/WhatsApp-Image-2026-07-03-at-11-56-54-AM_jpeg.rf.72c573234d6d423948ee8b9b923e9652.txt,100,0.007729,0.226667,0.035625,routine_policy_review,overview_policy_consistent,overview policy check passed; retain for full-resolution correction QA
2,valid,valid/images/WhatsApp-Image-2026-07-03-at-11-57-09-AM-1-_jpeg.rf.b69a25fc2e1a8982f6a56211e54fd940.jpg,work/v2-frozen-export-20260902/valid/images/WhatsApp-Image-2026-07-03-at-11-57-09-AM-1-_jpeg.rf.b69a25fc2e1a8982f6a56211e54fd940.jpg,work/v2-frozen-export-20260902/valid/labels/WhatsApp-Image-2026-07-03-at-11-57-09-AM-1-_jpeg.rf.b69a25fc2e1a8982f6a56211e54fd940.txt,105,0.011047,0.195000,0.065625,routine_policy_review,overview_policy_consistent,overview policy check passed; retain for full-resolution correction QA
2,train,train/images/WhatsApp-Image-2026-07-03-at-11-59-01-AM-2-_jpeg.rf.97168b1f4fd9f593e8a74150f03417e2.jpg,work/v2-frozen-export-20260902/train/images/WhatsApp-Image-2026-07-03-at-11-59-01-AM-2-_jpeg.rf.97168b1f4fd9f593e8a74150f03417e2.jpg,work/v2-frozen-export-20260902/train/labels/WhatsApp-Image-2026-07-03-at-11-59-01-AM-2-_jpeg.rf.97168b1f4fd9f593e8a74150f03417e2.txt,116,0.007245,0.158750,0.064167,routine_policy_review,overview_policy_consistent,overview policy check passed; retain for full-resolution correction QA
2,train,train/images/WhatsApp-Image-2026-07-03-at-11-56-55-AM_jpeg.rf.f2918ce1919e1416a1f8832d008bdda9.jpg,work/v2-frozen-export-20260902/train/images/WhatsApp-Image-2026-07-03-at-11-56-55-AM_jpeg.rf.f2918ce1919e1416a1f8832d008bdda9.jpg,work/v2-frozen-export-20260902/train/labels/WhatsApp-Image-2026-07-03-at-11-56-55-AM_jpeg.rf.f2918ce1919e1416a1f8832d008bdda9.txt,120,0.007031,0.213333,0.037500,routine_policy_review,overview_policy_consistent,overview policy check passed; retain for full-resolution correction QA
2,train,train/images/WhatsApp-Image-2026-07-03-at-11-58-59-AM-3-_jpeg.rf.0c03a7a31ce6d7d015e47142a5fd5aca.jpg,work/v2-frozen-export-20260902/train/images/WhatsApp-Image-2026-07-03-at-11-58-59-AM-3-_jpeg.rf.0c03a7a31ce6d7d015e47142a5fd5aca.jpg,work/v2-frozen-export-20260902/train/labels/WhatsApp-Image-2026-07-03-at-11-58-59-AM-3-_jpeg.rf.0c03a7a31ce6d7d015e47142a5fd5aca.txt,120,0.007766,0.159375,0.060833,routine_policy_review,overview_policy_consistent,overview policy check passed; retain for full-resolution correction QA
2,train,train/images/d328c4489632a61b2071_jpg.rf.0479b9462b6821b317046b70a521876c.jpg,work/v2-frozen-export-20260902/train/images/d328c4489632a61b2071_jpg.rf.0479b9462b6821b317046b70a521876c.jpg,work/v2-frozen-export-20260902/train/labels/d328c4489632a61b2071_jpg.rf.0479b9462b6821b317046b70a521876c.txt,120,0.008759,0.171499,0.056452,routine_policy_review,overview_policy_consistent,overview policy check passed; retain for full-resolution correction QA
2,valid,valid/images/e0f00e2e506f411a0b91_jpg.rf.a67b894ac16e9b775c0fd7877e4f3d9a.jpg,work/v2-frozen-export-20260902/valid/images/e0f00e2e506f411a0b91_jpg.rf.a67b894ac16e9b775c0fd7877e4f3d9a.jpg,work/v2-frozen-export-20260902/valid/labels/e0f00e2e506f411a0b91_jpg.rf.a67b894ac16e9b775c0fd7877e4f3d9a.txt,131,0.009390,0.190554,0.058468,routine_policy_review,overview_policy_consistent,overview policy check passed; retain for full-resolution correction QA
2,train,train/images/WhatsApp-Image-2026-07-03-at-11-57-37-AM_jpeg.rf.0ffe063e6175126d42e23a7fbd035740.jpg,work/v2-frozen-export-20260902/train/images/WhatsApp-Image-2026-07-03-at-11-57-37-AM_jpeg.rf.0ffe063e6175126d42e23a7fbd035740.jpg,work/v2-frozen-export-20260902/train/labels/WhatsApp-Image-2026-07-03-at-11-57-37-AM_jpeg.rf.0ffe063e6175126d42e23a7fbd035740.txt,139,0.004740,0.143750,0.043333,routine_policy_review,overview_policy_consistent,overview policy check passed; retain for full-resolution correction QA
2,train,train/images/WhatsApp-Image-2026-07-03-at-11-57-41-AM-1-_jpeg.rf.a67926adff9d234dd510c772c8a6a574.jpg,work/v2-frozen-export-20260902/train/images/WhatsApp-Image-2026-07-03-at-11-57-41-AM-1-_jpeg.rf.a67926adff9d234dd510c772c8a6a574.jpg,work/v2-frozen-export-20260902/train/labels/WhatsApp-Image-2026-07-03-at-11-57-41-AM-1-_jpeg.rf.a67926adff9d234dd510c772c8a6a574.txt,140,0.006694,0.157500,0.045833,routine_policy_review,overview_policy_consistent,overview policy check passed; retain for full-resolution correction QA
2,test,test/images/WhatsApp-Image-2026-07-03-at-11-57-01-AM-1-_jpeg.rf.2ec5d18b680525d06219df4ae79bfeac.jpg,work/v2-frozen-export-20260902/test/images/WhatsApp-Image-2026-07-03-at-11-57-01-AM-1-_jpeg.rf.2ec5d18b680525d06219df4ae79bfeac.jpg,work/v2-frozen-export-20260902/test/labels/WhatsApp-Image-2026-07-03-at-11-57-01-AM-1-_jpeg.rf.2ec5d18b680525d06219df4ae79bfeac.txt,141,0.007808,0.164375,0.055000,routine_policy_review,overview_policy_consistent,overview policy check passed; retain for full-resolution correction QA
2,train,train/images/WhatsApp-Image-2026-07-03-at-11-57-38-AM_jpeg.rf.1e6e92e17ffacfd0da81b67f2811f055.jpg,work/v2-frozen-export-20260902/train/images/WhatsApp-Image-2026-07-03-at-11-57-38-AM_jpeg.rf.1e6e92e17ffacfd0da81b67f2811f055.jpg,work/v2-frozen-export-20260902/train/labels/WhatsApp-Image-2026-07-03-at-11-57-38-AM_jpeg.rf.1e6e92e17ffacfd0da81b67f2811f055.txt,159,0.005513,0.125625,0.053333,routine_policy_review,overview_policy_consistent,overview policy check passed; retain for full-resolution correction QA
