id,source,sha256,target_class,annotation_unit,empty_trays,overview_review,full_resolution_review,labeled_visible_count,physical_inventory_gt,physical_gt_status,scene_group,split,training_approved
wh001,C:\Users\dharani\Downloads\Photos\WhatsApp Image 2026-09-07 at 9.36.47 AM (1).jpeg,15bd8794cc832730f75675b11a6c7a2283aa1d5fc94604ace80ca7cf4cafa17f,egg_tray,individual_egg_filled_tray_layer,non_target,contact_sheet_triage_only,pending,,,not_verified,green-room-20260907,unassigned_scene_group_must_stay_together,False
wh003,C:\Users\dharani\Downloads\Photos\WhatsApp Image 2026-09-07 at 9.38.15 AM.jpeg,781235b77c91279f5f148027e2eae27baa2e1fd8daa2d582c55f45982968dbf3,egg_tray,individual_egg_filled_tray_layer,non_target,contact_sheet_triage_only,pending,,,not_verified,green-room-20260907,unassigned_scene_group_must_stay_together,False
wh004,C:\Users\dharani\Downloads\Photos\WhatsApp Image 2026-09-07 at 9.39.37 AM.jpeg,6e5428014c0155e223cd15172b8caaa058165f429490ef7cf5700ac1a99cea2d,egg_tray,individual_egg_filled_tray_layer,non_target,contact_sheet_triage_only,pending,,,not_verified,green-room-20260907,unassigned_scene_group_must_stay_together,False
wh005,C:\Users\dharani\Downloads\Photos\WhatsApp Image 2026-09-07 at 9.40.01 AM.jpeg,5ef35e049cd0d26249830305a9e5d9567fb19c65128ba627d57c0bbaf8b60b36,egg_tray,individual_egg_filled_tray_layer,non_target,contact_sheet_triage_only,pending,,,not_verified,green-room-20260907,unassigned_scene_group_must_stay_together,False
wh006,C:\Users\dharani\Downloads\Photos\WhatsApp Image 2026-09-07 at 9.40.02 AM.jpeg,8516c2beb10cbf085113d4f738b52ee20c85ff2d9cfc5a1f7396025a5ecfaf41,egg_tray,individual_egg_filled_tray_layer,non_target,contact_sheet_triage_only,pending,,,not_verified,green-room-20260907,unassigned_scene_group_must_stay_together,False
wh007,C:\Users\dharani\Downloads\Photos\WhatsApp Image 2026-09-07 at 9.40.03 AM.jpeg,0fd533766d58e6ccb08eb63a77352a6f77f74843fc8753e996013e1c7d360c75,egg_tray,individual_egg_filled_tray_layer,non_target,contact_sheet_triage_only,pending,,,not_verified,green-room-20260907,unassigned_scene_group_must_stay_together,False
wh008,C:\Users\dharani\Downloads\Photos\WhatsApp Image 2026-09-07 at 9.40.31 AM (1).jpeg,97db5d034628895a1e813fc2e4008137c499b68354e549c7986f3380bdb66adf,egg_tray,individual_egg_filled_tray_layer,non_target,contact_sheet_triage_only,pending,,,not_verified,green-room-20260907,unassigned_scene_group_must_stay_together,False
wh009,C:\Users\dharani\Downloads\Photos\WhatsApp Image 2026-09-07 at 9.40.31 AM.jpeg,509b3b6f01e2a6dfef2400582abe7c185f47b3085e45b3c790f09dd07da10b3c,egg_tray,individual_egg_filled_tray_layer,non_target,contact_sheet_triage_only,pending,,,not_verified,green-room-20260907,unassigned_scene_group_must_stay_together,False
wh010,C:\Users\dharani\Downloads\Photos\WhatsApp Image 2026-09-07 at 9.40.33 AM (1).jpeg,9cafbe06cf8b46b969859ee1ae8bbc4a9b55666942feb847a0f42c121fb5cce8,egg_tray,individual_egg_filled_tray_layer,non_target,contact_sheet_triage_only,pending,,,not_verified,green-room-20260907,unassigned_scene_group_must_stay_together,False
wh011,C:\Users\dharani\Downloads\Photos\WhatsApp Image 2026-09-07 at 9.40.33 AM.jpeg,f37d0e84bb2987de35ebdbab2a3df68b8702e4906f7df194cc34b62ebd724ac3,egg_tray,individual_egg_filled_tray_layer,non_target,contact_sheet_triage_only,draft_perspective_bounds_corrected_needs_human_review,7,,not_verified,green-room-20260907,unassigned_scene_group_must_stay_together,False
wh012,C:\Users\dharani\Downloads\Photos\WhatsApp Image 2026-09-07 at 9.40.34 AM.jpeg,5f5cbf2e535687a2ecd548cc370d0de4e6c27db85b3b5a4e22075028b6b53118,egg_tray,individual_egg_filled_tray_layer,non_target,contact_sheet_triage_only,draft_perspective_bounds_corrected_needs_human_review,7,,not_verified,green-room-20260907,unassigned_scene_group_must_stay_together,False
wh013,C:\Users\dharani\Downloads\Photos\WhatsApp Image 2026-09-07 at 9.40.35 AM.jpeg,b5fe4fd90b18e5c449bc43f4224b85074bf7504ba77991839ece9db564c1f2a7,egg_tray,individual_egg_filled_tray_layer,non_target,contact_sheet_triage_only,pending,,,not_verified,green-room-20260907,unassigned_scene_group_must_stay_together,False
wh014,C:\Users\dharani\Downloads\Photos\WhatsApp Image 2026-09-07 at 9.40.36 AM.jpeg,56f41cc73abb1a7c4d58ae0b9673440617281db0870337bca7084a7c7c54f357,egg_tray,individual_egg_filled_tray_layer,non_target,contact_sheet_triage_only,pending,,,not_verified,green-room-20260907,unassigned_scene_group_must_stay_together,False
wh015,C:\Users\dharani\Downloads\Photos\WhatsApp Image 2026-09-07 at 9.40.38 AM (1).jpeg,22d1235ee9c4bd841fe7f9c584262958dca561ef6a2d35063dee88223ac5a077,egg_tray,individual_egg_filled_tray_layer,non_target,contact_sheet_triage_only,pending,,,not_verified,green-room-20260907,unassigned_scene_group_must_stay_together,False
wh017,C:\Users\dharani\Downloads\Photos\WhatsApp Image 2026-09-07 at 9.40.39 AM.jpeg,14572222f85b37e231df3d9b2402b8e10b5e5f40bb865e34495f00e1bd12d3ac,egg_tray,individual_egg_filled_tray_layer,non_target,contact_sheet_triage_only,pending,,,not_verified,green-room-20260907,unassigned_scene_group_must_stay_together,False
wh018,C:\Users\dharani\Downloads\Photos\WhatsApp Image 2026-09-07 at 9.40.40 AM (1).jpeg,1468438157130d00770b584a2faf7a9985e47cff55cec2bcceb52b317d918de3,egg_tray,individual_egg_filled_tray_layer,non_target,contact_sheet_triage_only,pending,,,not_verified,green-room-20260907,unassigned_scene_group_must_stay_together,False
wh019,C:\Users\dharani\Downloads\Photos\WhatsApp Image 2026-09-07 at 9.40.40 AM (2).jpeg,bf53412e35d769ee1140147cfaef1b3b14cb643654bfbac92e204eec95b00d3e,egg_tray,individual_egg_filled_tray_layer,non_target,contact_sheet_triage_only,pending,,,not_verified,green-room-20260907,unassigned_scene_group_must_stay_together,False
wh020,C:\Users\dharani\Downloads\Photos\WhatsApp Image 2026-09-07 at 9.40.40 AM.jpeg,4bf7380e18f7e39b47e5f134059f8a4aae9ef369e9112a6d4dbe30c8d303d7b8,egg_tray,individual_egg_filled_tray_layer,non_target,contact_sheet_triage_only,pending,,,not_verified,green-room-20260907,unassigned_scene_group_must_stay_together,False
wh021,C:\Users\dharani\Downloads\Photos\WhatsApp Image 2026-09-07 at 9.40.41 AM (1).jpeg,f1462bc393e0afab7bf2ccc584894f3b2861dcb30754c8fcd68b95b99674539f,egg_tray,individual_egg_filled_tray_layer,non_target,contact_sheet_triage_only,pending,,,not_verified,green-room-20260907,unassigned_scene_group_must_stay_together,False
wh022,C:\Users\dharani\Downloads\Photos\WhatsApp Image 2026-09-07 at 9.40.41 AM.jpeg,f2677926f480114b8b464fb34ec44722a2d91049ead04609abe94e8992378fbf,egg_tray,individual_egg_filled_tray_layer,non_target,contact_sheet_triage_only,pending,,,not_verified,green-room-20260907,unassigned_scene_group_must_stay_together,False
wh023,C:\Users\dharani\Downloads\Photos\WhatsApp Image 2026-09-07 at 9.40.42 AM.jpeg,0875b154e629ede556060585abeb5e8d2ef82ca38e62eeafc9c81cf3db10db9f,egg_tray,individual_egg_filled_tray_layer,non_target,contact_sheet_triage_only,pending,,,not_verified,green-room-20260907,unassigned_scene_group_must_stay_together,False
wh024,C:\Users\dharani\Downloads\Photos\WhatsApp Image 2026-09-07 at 9.40.43 AM (1).jpeg,0eb646ecef30da7fe131cd12242d2b49d883751eaa69e1e55e55284a0f053431,egg_tray,individual_egg_filled_tray_layer,non_target,contact_sheet_triage_only,pending,,,not_verified,green-room-20260907,unassigned_scene_group_must_stay_together,False
wh025,C:\Users\dharani\Downloads\Photos\WhatsApp Image 2026-09-07 at 9.40.43 AM (2).jpeg,a7b9af0cbbd5a5f86846051869ec7806ee29d3e4efabef1e68588633433abda0,egg_tray,individual_egg_filled_tray_layer,non_target,contact_sheet_triage_only,pending,,,not_verified,green-room-20260907,unassigned_scene_group_must_stay_together,False
wh026,C:\Users\dharani\Downloads\Photos\WhatsApp Image 2026-09-07 at 9.40.43 AM.jpeg,76cca29b3b3c9fb81d1cea6589d60bf82dad762e1462324a8901302fc74b715f,egg_tray,individual_egg_filled_tray_layer,non_target,contact_sheet_triage_only,pending,,,not_verified,green-room-20260907,unassigned_scene_group_must_stay_together,False
wh027,C:\Users\dharani\Downloads\Photos\WhatsApp Image 2026-09-07 at 9.40.44 AM.jpeg,875a4a04376d3d164732e2992fabb2788efcaa07e8b7908f353d89cbf6e7b626,egg_tray,individual_egg_filled_tray_layer,non_target,contact_sheet_triage_only,pending,,,not_verified,green-room-20260907,unassigned_scene_group_must_stay_together,False
wh028,C:\Users\dharani\Downloads\Photos\WhatsApp Image 2026-09-07 at 9.40.45 AM (1).jpeg,9373689cbb8336e5cf42872d7c1c4e38dc00593eaa8a0a2db19d14418f401775,egg_tray,individual_egg_filled_tray_layer,non_target,contact_sheet_triage_only,pending,,,not_verified,green-room-20260907,unassigned_scene_group_must_stay_together,False
wh029,C:\Users\dharani\Downloads\Photos\WhatsApp Image 2026-09-07 at 9.40.45 AM (2).jpeg,b8b13111513df8a63d9e8ea9338cddd1b0adbf9fbb078498a085f280a733f4e7,egg_tray,individual_egg_filled_tray_layer,non_target,contact_sheet_triage_only,pending,,,not_verified,green-room-20260907,unassigned_scene_group_must_stay_together,False
wh030,C:\Users\dharani\Downloads\Photos\WhatsApp Image 2026-09-07 at 9.40.45 AM.jpeg,7b61c1524b7f506427fb463d99c629ee6d52bdff44b263beaf31b59dac93ec53,egg_tray,individual_egg_filled_tray_layer,non_target,contact_sheet_triage_only,pending,,,not_verified,green-room-20260907,unassigned_scene_group_must_stay_together,False
wh031,C:\Users\dharani\Downloads\Photos\WhatsApp Image 2026-09-07 at 9.40.46 AM (1).jpeg,4653e5f7760ffee3fad019d030d7cca12687b2ba91cf95ad8b145097d5d7d314,egg_tray,individual_egg_filled_tray_layer,non_target,contact_sheet_triage_only,pending,,,not_verified,green-room-20260907,unassigned_scene_group_must_stay_together,False
wh032,C:\Users\dharani\Downloads\Photos\WhatsApp Image 2026-09-07 at 9.40.46 AM.jpeg,e17daf2597782af9b797f75e559d8806ac8c9948647009aea1064219849bbc87,egg_tray,individual_egg_filled_tray_layer,non_target,contact_sheet_triage_only,pending,,,not_verified,green-room-20260907,unassigned_scene_group_must_stay_together,False
wh033,C:\Users\dharani\Downloads\Photos\WhatsApp Image 2026-09-07 at 9.40.47 AM (1).jpeg,5cf95d8a203bcd669cd425d4fe783c6045acd11ab98c025633166fa7017f4df3,egg_tray,individual_egg_filled_tray_layer,non_target,contact_sheet_triage_only,pending,,,not_verified,green-room-20260907,unassigned_scene_group_must_stay_together,False
wh034,C:\Users\dharani\Downloads\Photos\WhatsApp Image 2026-09-07 at 9.40.47 AM.jpeg,27919de1514a1d163cafb617c894143e63bc1f19772383d78209c9df1380b650,egg_tray,individual_egg_filled_tray_layer,non_target,contact_sheet_triage_only,pending,,,not_verified,green-room-20260907,unassigned_scene_group_must_stay_together,False
wh035,C:\Users\dharani\Downloads\Photos\WhatsApp Image 2026-09-07 at 9.40.48 AM (1).jpeg,296cadf32449ec122dc9090723e06be2e590679c3c3fa86fe6ecf2dcc830ccd6,egg_tray,individual_egg_filled_tray_layer,non_target,contact_sheet_triage_only,pending,,,not_verified,green-room-20260907,unassigned_scene_group_must_stay_together,False
wh036,C:\Users\dharani\Downloads\Photos\WhatsApp Image 2026-09-07 at 9.40.48 AM (2).jpeg,5c9efc01d6ff16d9c73173cfcb091bde0258f5c20c16bfa80f9aaaa3b1929e38,egg_tray,individual_egg_filled_tray_layer,non_target,contact_sheet_triage_only,pending,,,not_verified,green-room-20260907,unassigned_scene_group_must_stay_together,False
wh037,C:\Users\dharani\Downloads\Photos\WhatsApp Image 2026-09-07 at 9.40.48 AM.jpeg,e606b36a3b10a70260094bd0210b21ef46edd59fb8734fd368f8466dfb6078cb,egg_tray,individual_egg_filled_tray_layer,non_target,contact_sheet_triage_only,pending,,,not_verified,green-room-20260907,unassigned_scene_group_must_stay_together,False
wh038,C:\Users\dharani\Downloads\Photos\WhatsApp Image 2026-09-07 at 9.40.49 AM (1).jpeg,3287801ce393c9690956cc5110f60f025339cbf2ce7d8160382ee6ed58552516,egg_tray,individual_egg_filled_tray_layer,non_target,contact_sheet_triage_only,pending,,,not_verified,green-room-20260907,unassigned_scene_group_must_stay_together,False
wh039,C:\Users\dharani\Downloads\Photos\WhatsApp Image 2026-09-07 at 9.40.49 AM.jpeg,bca550b0e7ee922b28f15e4a211676a8deff169aab7ba044659dcce6b8190c49,egg_tray,individual_egg_filled_tray_layer,non_target,contact_sheet_triage_only,pending,,,not_verified,green-room-20260907,unassigned_scene_group_must_stay_together,False
wh040,C:\Users\dharani\Downloads\Photos\WhatsApp Image 2026-09-07 at 9.40.50 AM (1).jpeg,90c6038ef16f93c22ec6cb76fa531e580e38654337dda576bbe46ec4fc5b2baa,egg_tray,individual_egg_filled_tray_layer,non_target,contact_sheet_triage_only,pending,,,not_verified,green-room-20260907,unassigned_scene_group_must_stay_together,False
wh041,C:\Users\dharani\Downloads\Photos\WhatsApp Image 2026-09-07 at 9.40.50 AM.jpeg,21a5f78330615e78efb5539d37aee1d84c41de28b338f5370ee1952fe462f4e7,egg_tray,individual_egg_filled_tray_layer,non_target,contact_sheet_triage_only,pending,,,not_verified,green-room-20260907,unassigned_scene_group_must_stay_together,False
wh042,C:\Users\dharani\Downloads\Photos\WhatsApp Image 2026-09-07 at 9.40.51 AM (1).jpeg,1fb3eaa963ea587cbd2c1c2b4fb4aca4034d085fb34c24f82c2a281e272e954d,egg_tray,individual_egg_filled_tray_layer,non_target,contact_sheet_triage_only,pending,,,not_verified,green-room-20260907,unassigned_scene_group_must_stay_together,False
wh043,C:\Users\dharani\Downloads\Photos\WhatsApp Image 2026-09-07 at 9.40.51 AM (2).jpeg,309cc20c255beea147e7d3f0acb2de3fc9def42f6afbb65fbabc20fa3db4312a,egg_tray,individual_egg_filled_tray_layer,non_target,contact_sheet_triage_only,pending,,,not_verified,green-room-20260907,unassigned_scene_group_must_stay_together,False
wh044,C:\Users\dharani\Downloads\Photos\WhatsApp Image 2026-09-07 at 9.40.51 AM.jpeg,c6c0e73515df148d2f3705fb6dd86fa17a74f42540561fab2a19431cb65bfee0,egg_tray,individual_egg_filled_tray_layer,non_target,contact_sheet_triage_only,pending,,,not_verified,green-room-20260907,unassigned_scene_group_must_stay_together,False
wh045,C:\Users\dharani\Downloads\Photos\WhatsApp Image 2026-09-07 at 9.40.52 AM (1).jpeg,9b6ce8ce9d0578e53072569ad7a1577b708ceaee6b61207136b8381ed34a908e,egg_tray,individual_egg_filled_tray_layer,non_target,contact_sheet_triage_only,pending,,,not_verified,green-room-20260907,unassigned_scene_group_must_stay_together,False
wh046,C:\Users\dharani\Downloads\Photos\WhatsApp Image 2026-09-07 at 9.40.52 AM (2).jpeg,d34b9cdb8496f7d0cf5abd42978f779be6966b597081f1feeea2fd33d9e13615,egg_tray,individual_egg_filled_tray_layer,non_target,contact_sheet_triage_only,pending,,,not_verified,green-room-20260907,unassigned_scene_group_must_stay_together,False
wh047,C:\Users\dharani\Downloads\Photos\WhatsApp Image 2026-09-07 at 9.40.52 AM.jpeg,84cdbee1c8ee43b6b5a304a990885739559a1232f4693a87d60cb7e35c976829,egg_tray,individual_egg_filled_tray_layer,non_target,contact_sheet_triage_only,pending,,,not_verified,green-room-20260907,unassigned_scene_group_must_stay_together,False
wh048,C:\Users\dharani\Downloads\Photos\WhatsApp Image 2026-09-07 at 9.40.53 AM (1).jpeg,4ef5d0ff95107849663d0fabe4f07956bb0fa69946bca28b8eda11d1d5a08fc4,egg_tray,individual_egg_filled_tray_layer,non_target,contact_sheet_triage_only,pending,,,not_verified,green-room-20260907,unassigned_scene_group_must_stay_together,False
wh049,C:\Users\dharani\Downloads\Photos\WhatsApp Image 2026-09-07 at 9.40.53 AM (2).jpeg,a29f30617cdb3158c92d06a20772a1243b7da73d96bfcb4a643454047a083e4b,egg_tray,individual_egg_filled_tray_layer,non_target,contact_sheet_triage_only,pending,,,not_verified,green-room-20260907,unassigned_scene_group_must_stay_together,False
wh051,C:\Users\dharani\Downloads\Photos\WhatsApp Image 2026-09-07 at 9.40.53 AM.jpeg,948b39fd1a7cf8dbeaf5539845f12d7ea79aa34bedeb5eacabe5d71480eb0d7f,egg_tray,individual_egg_filled_tray_layer,non_target,contact_sheet_triage_only,pending,,,not_verified,green-room-20260907,unassigned_scene_group_must_stay_together,False
wh052,C:\Users\dharani\Downloads\Photos\WhatsApp Image 2026-09-07 at 9.40.54 AM (1).jpeg,1633e07bcc93449338de90d67bab4c3108463d48ef66369093dfcaed58c89c33,egg_tray,individual_egg_filled_tray_layer,non_target,contact_sheet_triage_only,pending,,,not_verified,green-room-20260907,unassigned_scene_group_must_stay_together,False
wh053,C:\Users\dharani\Downloads\Photos\WhatsApp Image 2026-09-07 at 9.40.54 AM.jpeg,1f125597e2618a7d5d40034f3fd378f2f849040d666fa004720c4e767bb6fa5b,egg_tray,individual_egg_filled_tray_layer,non_target,contact_sheet_triage_only,pending,,,not_verified,green-room-20260907,unassigned_scene_group_must_stay_together,False
wh054,C:\Users\dharani\Downloads\Photos\WhatsApp Image 2026-09-07 at 9.40.55 AM (1).jpeg,c57bfd8870bc9d4b440c398b3e0f304ac2e084cb97fb13afe12eaf6644a4383b,egg_tray,individual_egg_filled_tray_layer,non_target,contact_sheet_triage_only,pending,,,not_verified,green-room-20260907,unassigned_scene_group_must_stay_together,False
wh055,C:\Users\dharani\Downloads\Photos\WhatsApp Image 2026-09-07 at 9.40.55 AM (2).jpeg,a64c48f24b0cd0e338c0bd36fd2cae8f25c3074687b38e057b1e82e88f5f6c67,egg_tray,individual_egg_filled_tray_layer,non_target,contact_sheet_triage_only,pending,,,not_verified,green-room-20260907,unassigned_scene_group_must_stay_together,False
wh056,C:\Users\dharani\Downloads\Photos\WhatsApp Image 2026-09-07 at 9.40.55 AM.jpeg,9b4ed170945ad01a16a7624f92799ce572bf6ce50c7752d384802e7fbfd71f27,egg_tray,individual_egg_filled_tray_layer,non_target,contact_sheet_triage_only,pending,,,not_verified,green-room-20260907,unassigned_scene_group_must_stay_together,False
wh057,C:\Users\dharani\Downloads\Photos\WhatsApp Image 2026-09-07 at 9.40.56 AM (1).jpeg,8d4e7a3a74a5f2cb42aa0ab2fd6a78b6926824091bd7c3dbb5b39a17afcb692e,egg_tray,individual_egg_filled_tray_layer,non_target,contact_sheet_triage_only,pending,,,not_verified,green-room-20260907,unassigned_scene_group_must_stay_together,False
wh059,C:\Users\dharani\Downloads\Photos\WhatsApp Image 2026-09-07 at 9.40.56 AM (3).jpeg,ee9ea90fd2ecc94ff6413495273043671b576328a2196884c23bc1d2b86147dc,egg_tray,individual_egg_filled_tray_layer,non_target,contact_sheet_triage_only,pending,,,not_verified,green-room-20260907,unassigned_scene_group_must_stay_together,False
wh061,C:\Users\dharani\Downloads\Photos\WhatsApp Image 2026-09-07 at 9.40.56 AM.jpeg,fd53ebc0449dcfc08edaf9e36d27b98ac023a3a00b1d5008233daa9f1aea0659,egg_tray,individual_egg_filled_tray_layer,non_target,contact_sheet_triage_only,pending,,,not_verified,green-room-20260907,unassigned_scene_group_must_stay_together,False
wh062,C:\Users\dharani\Downloads\Photos\WhatsApp Image 2026-09-07 at 9.40.57 AM (1).jpeg,a29d09556639f8d7b12b7b1af473e65f9432fed8e20dcd01ef824602f82e06dc,egg_tray,individual_egg_filled_tray_layer,non_target,contact_sheet_triage_only,pending,,,not_verified,green-room-20260907,unassigned_scene_group_must_stay_together,False
wh063,C:\Users\dharani\Downloads\Photos\WhatsApp Image 2026-09-07 at 9.40.57 AM (2).jpeg,272ffe6efd8937af170fa43ec072786853e54932a959b37a4bb7a8d150648407,egg_tray,individual_egg_filled_tray_layer,non_target,contact_sheet_triage_only,pending,,,not_verified,green-room-20260907,unassigned_scene_group_must_stay_together,False
wh064,C:\Users\dharani\Downloads\Photos\WhatsApp Image 2026-09-07 at 9.40.57 AM (3).jpeg,d23cb81f88607654b92f289f573d2bdcb205cf08aee337c00a199170ac367ecf,egg_tray,individual_egg_filled_tray_layer,non_target,contact_sheet_triage_only,pending,,,not_verified,green-room-20260907,unassigned_scene_group_must_stay_together,False
wh068,C:\Users\dharani\Downloads\Photos\WhatsApp Image 2026-09-07 at 9.40.58 AM (1).jpeg,3f1482c6f019cabaefc54a129ddff1f1c338f8435ab047a9936a5844bc24e87c,egg_tray,individual_egg_filled_tray_layer,non_target,contact_sheet_triage_only,pending,,,not_verified,other-warehouse-acquisition,unassigned_scene_group_must_stay_together,False
wh069,C:\Users\dharani\Downloads\Photos\WhatsApp Image 2026-09-07 at 9.40.58 AM.jpeg,054d9210f3e95fc0cf26d9f19fe805fb548323ffdeb0c6ca189d58606f97f925,egg_tray,individual_egg_filled_tray_layer,non_target,contact_sheet_triage_only,pending,,,not_verified,green-room-20260907,unassigned_scene_group_must_stay_together,False
wh070,C:\Users\dharani\Downloads\Photos\WhatsApp Image 2026-09-07 at 9.40.59 AM (1).jpeg,319c26f4f1b8bd77556a456234981c5d26993b0703351dd3fdcb78f0693770ff,egg_tray,individual_egg_filled_tray_layer,non_target,contact_sheet_triage_only,pending,,,not_verified,other-warehouse-acquisition,unassigned_scene_group_must_stay_together,False
wh071,C:\Users\dharani\Downloads\Photos\WhatsApp Image 2026-09-07 at 9.40.59 AM (2).jpeg,c3a2354d9e9eb6715a62de0d4778f0f903a975e4f342f6bcc83f9da6cd91b0c2,egg_tray,individual_egg_filled_tray_layer,non_target,contact_sheet_triage_only,pending,,,not_verified,other-warehouse-acquisition,unassigned_scene_group_must_stay_together,False
wh072,C:\Users\dharani\Downloads\Photos\WhatsApp Image 2026-09-07 at 9.40.59 AM.jpeg,f243dc3f1d3c895eb4335675311eeaca3063214f19946b5ee3ce20d4c1fc67cf,egg_tray,individual_egg_filled_tray_layer,non_target,contact_sheet_triage_only,pending,,,not_verified,other-warehouse-acquisition,unassigned_scene_group_must_stay_together,False
wh073,C:\Users\dharani\Downloads\Photos\WhatsApp Image 2026-09-07 at 9.41.00 AM.jpeg,8afe63bac62e31fc277f64c4eb26a5ac108b2fc4cdd6fd13b534d0a434bf681b,egg_tray,individual_egg_filled_tray_layer,non_target,contact_sheet_triage_only,pending,,,not_verified,other-warehouse-acquisition,unassigned_scene_group_must_stay_together,False
wh074,C:\Users\dharani\Downloads\Photos\WhatsApp Image 2026-09-07 at 9.41.04 AM (1).jpeg,7a4e6984fabd0f1e545e4c227f210d1aa115b70e6274ddd76d16dcfb8c00036a,egg_tray,individual_egg_filled_tray_layer,non_target,contact_sheet_triage_only,pending,,,not_verified,other-warehouse-acquisition,unassigned_scene_group_must_stay_together,False
wh075,C:\Users\dharani\Downloads\Photos\WhatsApp Image 2026-09-07 at 9.41.04 AM (2).jpeg,dcf2ad768ec47072f427ff492ddc64ae8f6fb449bd871976469564a6d5c9c076,egg_tray,individual_egg_filled_tray_layer,non_target,contact_sheet_triage_only,pending,,,not_verified,other-warehouse-acquisition,unassigned_scene_group_must_stay_together,False
wh076,C:\Users\dharani\Downloads\Photos\WhatsApp Image 2026-09-07 at 9.41.04 AM.jpeg,5e73d19f36ecd69c4c750fa790829be755ec6a0588e3026f8a67ef596e55df01,egg_tray,individual_egg_filled_tray_layer,non_target,contact_sheet_triage_only,pending,,,not_verified,other-warehouse-acquisition,unassigned_scene_group_must_stay_together,False
wh077,C:\Users\dharani\Downloads\Photos\WhatsApp Image 2026-09-07 at 9.41.05 AM (1).jpeg,4d4f06cc5c3890e49798fac4cafbcb465cc69a963b2b0bbc35a23c0005539dbe,egg_tray,individual_egg_filled_tray_layer,non_target,contact_sheet_triage_only,pending,,,not_verified,other-warehouse-acquisition,unassigned_scene_group_must_stay_together,False
wh078,C:\Users\dharani\Downloads\Photos\WhatsApp Image 2026-09-07 at 9.41.05 AM (2).jpeg,72f7ff1845f370cf869bdbefe0e93485e1e66819306eb6a8156912dd6038dd3b,egg_tray,individual_egg_filled_tray_layer,non_target,contact_sheet_triage_only,pending,,,not_verified,other-warehouse-acquisition,unassigned_scene_group_must_stay_together,False
wh079,C:\Users\dharani\Downloads\Photos\WhatsApp Image 2026-09-07 at 9.41.05 AM.jpeg,cd44e92b7e2a056dc4a493dc63995c3c37b2b170f0000a67ce9c86a63ae3db01,egg_tray,individual_egg_filled_tray_layer,non_target,contact_sheet_triage_only,pending,,,not_verified,other-warehouse-acquisition,unassigned_scene_group_must_stay_together,False
wh080,C:\Users\dharani\Downloads\Photos\WhatsApp Image 2026-09-07 at 9.41.06 AM (1).jpeg,97d1d09ff357e3397b735c62662eb218f9d12e1498322e79bab9d10c97bd0f20,egg_tray,individual_egg_filled_tray_layer,non_target,contact_sheet_triage_only,pending,,,not_verified,other-warehouse-acquisition,unassigned_scene_group_must_stay_together,False
wh081,C:\Users\dharani\Downloads\Photos\WhatsApp Image 2026-09-07 at 9.41.06 AM.jpeg,5bc4aa28346c8228bc86c00ede9f6e6fbbf29f661f70e81d5008be9c0c3841ff,egg_tray,individual_egg_filled_tray_layer,non_target,contact_sheet_triage_only,pending,,,not_verified,other-warehouse-acquisition,unassigned_scene_group_must_stay_together,False
wh082,C:\Users\dharani\Downloads\Photos\WhatsApp Image 2026-09-07 at 9.41.07 AM.jpeg,9978e80e8682764973f651badd6936cf12f645aa3233c86b5cf2442a00b3304f,egg_tray,individual_egg_filled_tray_layer,non_target,contact_sheet_triage_only,pending,,,not_verified,other-warehouse-acquisition,unassigned_scene_group_must_stay_together,False
