variant,label_total,stored_wh,exif_orientation,roboflow_wh,detections,median_box_w_over_h,mean_conf,walk_counts,span_counts,accepted,reasons,coverage_x,height_frac,pitch_frac,pitch_gradient,scan_id,slot
img-20-orig,60,1200x1600,,1200x1600,63,5.86,0.709,20 20 20,20 20 21,True,,0.687,0.546,0.028,1.06,ca095bd5-bc76-4bf9-9aa4-8c377265e4e1,straight
img-20-a6,60,1600x1200,6,1200x1600,63,5.86,0.701,20 20 20,20 20 20,True,,0.686,0.546,0.027,1.035,ca095bd5-bc76-4bf9-9aa4-8c377265e4e1,left
img-20-a8,60,1600x1200,8,1200x1600,63,5.84,0.701,20 20 20,20 20 20,True,,0.688,0.546,0.028,1.047,ca095bd5-bc76-4bf9-9aa4-8c377265e4e1,right
img-20-b90,60,1600x1200,,1600x1200,8,2.64,0.408,2,2,False,stacks cover too little of the frame width,0.223,0.477,0.225,1,fe269d88-8a62-47f6-abae-5df35ac22c5e,straight
img-20-b270,60,1600x1200,,1600x1200,5,1.67,0.569,,,False,no stacks detected,,,,,fe269d88-8a62-47f6-abae-5df35ac22c5e,left
img-20-cpad,60,1920x1080,,1920x1080,64,5.77,0.736,21 21 20,21 21 20,False,stacks cover too little of the frame width,0.429,0.836,0.039,1.012,fe269d88-8a62-47f6-abae-5df35ac22c5e,right
img-19-orig,100,1600x1200,,1600x1200,100,5.84,0.746,20 20 20 20 20,20 20 20 20 20,True,,0.801,0.707,0.035,1.056,dc054a4a-2437-4ee0-82a1-00f5ded5bbef,straight
img-19-a6,100,1200x1600,6,1600x1200,100,5.87,0.739,20 20 20 20 20,20 20 20 20 20,True,,0.802,0.707,0.035,1.043,dc054a4a-2437-4ee0-82a1-00f5ded5bbef,left
img-19-a8,100,1200x1600,8,1600x1200,101,5.86,0.737,20 20 20 20 20,20 20 20 20 20,True,,0.802,0.707,0.035,1.056,dc054a4a-2437-4ee0-82a1-00f5ded5bbef,right
img-19-b90,100,1200x1600,,1200x1600,12,1.1,0.464,6 3 4,6 3 4,True,,0.868,0.976,0.157,1.064,be645d04-5160-4cbf-af55-b80b8407eeba,straight
img-19-b270,100,1200x1600,,1200x1600,6,2.46,0.458,2,2,False,stacks are too small in the frame (too far away),0.739,0.297,0.143,1,be645d04-5160-4cbf-af55-b80b8407eeba,left
img-19-cpad,100,1920x1080,,1920x1080,99,5.7,0.748,20 20 19 20 20,20 20 19 20 20,True,,0.764,0.884,0.044,1.032,be645d04-5160-4cbf-af55-b80b8407eeba,right
img-19-ccrop,100,1600x900,,1600x900,97,5.7,0.729,20 20 19 20 19,20 20 19 20 19,True,,0.801,0.939,0.047,1.018,b692c4a2-3423-4fb0-85a0-07e41b9124ed,straight
img-02-orig,80,1280x1109,,1280x1109,81,6.43,0.729,20 20 20 20,21 20 20 20,True,,0.864,0.787,0.039,1.012,b692c4a2-3423-4fb0-85a0-07e41b9124ed,left
img-02-a6,80,1109x1280,6,1280x1109,80,6.34,0.731,20 20 20 20,21 20 20 20,True,,0.865,0.787,0.039,1.018,b692c4a2-3423-4fb0-85a0-07e41b9124ed,right
img-02-a8,80,1109x1280,8,1280x1109,80,6.31,0.73,37 20 20 20,21 20 20 20,True,,0.866,0.787,0.038,1.021,9b6a4eed-d92f-4d40-b293-8375e4c10dfb,straight
img-02-b90,80,1109x1280,,1109x1280,10,1.24,0.494,4 4,4 4,True,,0.78,0.855,0.205,1.071,9b6a4eed-d92f-4d40-b293-8375e4c10dfb,left
img-02-b270,80,1109x1280,,1109x1280,5,1.08,0.544,3,3,False,stacks cover too little of the frame width,0.241,0.596,0.199,1,9b6a4eed-d92f-4d40-b293-8375e4c10dfb,right
img-02-cpad,80,1920x1080,,1920x1080,82,6.2,0.723,38 20 20 20,21 21 20 20,True,,0.583,0.829,0.04,1.03,d14f7a6f-4634-4d7c-a61e-55baaf12d5d4,straight
img-46-cpad,20,1920x1080,,1920x1080,19,6.3,0.769,19,19,False,stacks cover too little of the frame width,0.176,0.963,0.05,1,54de4b4b-b768-42ac-9309-1f740762882f,straight
img-50-cpad,40,1920x1080,,1920x1080,39,5.06,0.756,29 31,21 21,False,stacks cover too little of the frame width,0.353,0.945,0.046,1.01,54de4b4b-b768-42ac-9309-1f740762882f,left
img-20-cpad95,60,1920x1080,,1920x1080,61,5.65,0.758,20 20 20,20 20 20,True,,0.498,0.911,0.046,1.031,54de4b4b-b768-42ac-9309-1f740762882f,right
img-20-b90-inj6,60,1600x1200,6,1200x1600,63,5.86,0.701,20 20 20,20 20 20,True,,0.686,0.546,0.027,1.035,d9554d05-da90-4d66-a501-39a77d0a405a,straight
img-19-b90-inj6,100,1200x1600,6,1600x1200,100,5.87,0.739,20 20 20 20 20,20 20 20 20 20,True,,0.802,0.707,0.035,1.043,d9554d05-da90-4d66-a501-39a77d0a405a,left
img-02-b270-inj8,80,1109x1280,8,1280x1109,80,6.31,0.73,37 20 20 20,21 20 20 20,True,,0.866,0.787,0.038,1.021,d9554d05-da90-4d66-a501-39a77d0a405a,right
