canonical_image_id,split,selected_source,source_path,sha256,dhash,annotation_count,provenance,automatic_corrections
16685e90ac8c0dd5b226,train,local,C:\Users\dharani\Downloads\Egg-Tray-Counter.yolov8 (1)\train\images\WhatsApp Image 2026-07-03 at 11-57-01 (1)_jpeg.rf.zfgb9sOl0mnr43kwwiq3.jpeg,16685e90ac8c0dd5b226c795dce371fb1961d894f0538a61dc12ad4e87da0eff,0f3e2030323242d9,141,manual_original,
a967185b72a76fe4f4ed,train,local,C:\Users\dharani\Downloads\Egg-Tray-Counter.yolov8 (1)\train\images\WhatsApp Image 2026-07-03 at 11-57-02_jpeg.rf.iDwMoXHipeFP0XIO0k3Y.jpeg,a967185b72a76fe4f4edbb338fe7455117aa84d1af5fc9bfa387028958476201,4f4658d9d9d9de5a,52,manual_original,
7321fbf57a2a59fbe92f,train,local,C:\Users\dharani\Downloads\Egg-Tray-Counter.yolov8 (1)\train\images\WhatsApp Image 2026-07-03 at 11-57-05_jpeg.rf.mA0MoR3CdrGRxjr4gNAE.jpeg,7321fbf57a2a59fbe92f23fe897888110724355c203236897a22a490395d9571,73434a45434b4fef,2,manual_original,
8cf21842b7f726424ebf,train,local,C:\Users\dharani\Downloads\Egg-Tray-Counter.yolov8 (1)\train\images\WhatsApp Image 2026-07-03 at 11-57-09 (1)_jpeg.rf.kIbm1ucsw1tEPHAe06LH.jpeg,8cf21842b7f726424ebf35580487766b800b9fd914cf80bb5d6bbb1b55b463b2,8a8adbeaeafafefb,105,manual_original,clipped_manual_export_geometry
5fcf798347401b5f7d9a,train,local,C:\Users\dharani\Downloads\Egg-Tray-Counter.yolov8 (1)\train\images\WhatsApp Image 2026-07-03 at 11-57-10_jpeg.rf.zcyr7dezW2QA2amfwZ3n.jpeg,5fcf798347401b5f7d9a1a68979a8979c35f04f0b29c4a1759d65bc92e76b748,7f2f2969658dadac,39,manual_original,
f2d1c674f52306c0318a,train,local,C:\Users\dharani\Downloads\Egg-Tray-Counter.yolov8 (1)\train\images\WhatsApp Image 2026-07-03 at 11-57-16_jpeg.rf.kUCiyTYUG3iZOE6kjeKe.jpeg,f2d1c674f52306c0318ab5057885503ff61db06116c1826ca3a460201da02a4b,0c4c6767e0801c3c,38,manual_original,clipped_manual_export_geometry
fb5bd22bfe8d1b3da171,train,local,C:\Users\dharani\Downloads\Egg-Tray-Counter.yolov8 (1)\train\images\WhatsApp Image 2026-07-03 at 11-57-17 (2)_jpeg.rf.iECh2xLEgym5rdfgKB4O.jpeg,fb5bd22bfe8d1b3da1714ad9f1ef9f90330d562d6bd499bb6005446886506e66,1313333333362606,18,manual_original,
9aa85d992c70e74dc8c9,train,local,C:\Users\dharani\Downloads\Egg-Tray-Counter.yolov8 (1)\train\images\WhatsApp Image 2026-07-03 at 11-57-17_jpeg.rf.yYtOeoLmvxh5siz5Ais8.jpeg,9aa85d992c70e74dc8c90ab1c40854b5b7086e6b2a859632700b98eedaadd4ad,fe1f1e5eda9bdded,33,manual_original,
b7c244ddfb384f38447e,train,local,C:\Users\dharani\Downloads\Egg-Tray-Counter.yolov8 (1)\train\images\WhatsApp Image 2026-07-03 at 11-57-18 (1)_jpeg.rf.imm0Utj2EkHrCQx9LTi9.jpeg,b7c244ddfb384f38447ef5ed7b3b6f21edc00299523061090a1de72ae215d9d8,0b039b999bcb17b8,10,manual_original,
c0787e5dfab960ca1425,train,local,C:\Users\dharani\Downloads\Egg-Tray-Counter.yolov8 (1)\train\images\WhatsApp Image 2026-07-03 at 11-57-20 (2)_jpeg.rf.hoHdazht0bBTWPLfo3xW.jpeg,c0787e5dfab960ca142539c052860a0f8b8e8814b6eb95cc9b6daa03f2c1e1c8,381f0b2929010f0b,82,manual_original,
a63e3532c9850d20b4c2,train,local,C:\Users\dharani\Downloads\Egg-Tray-Counter.yolov8 (1)\train\images\WhatsApp Image 2026-07-03 at 11-57-21_jpeg.rf.YzTVEp2fx5wHPUlqtJOP.jpeg,a63e3532c9850d20b4c2b18b3ed3404ff55f83536cfa99175c688f136999497c,121b1b1919131b1e,17,manual_original,
590d04ebc340cf3b9cb4,train,local,C:\Users\dharani\Downloads\Egg-Tray-Counter.yolov8 (1)\train\images\WhatsApp Image 2026-07-03 at 11-57-23_jpeg.rf.aXsZvizvpaHA3lXZhdzI.jpeg,590d04ebc340cf3b9cb4e614a9317c37ff8ad0e224f6da71ee86b8dcad644575,1903a5d5575773c9,68,manual_original,
91faf9ffb18cc8964721,train,local,C:\Users\dharani\Downloads\Egg-Tray-Counter.yolov8 (1)\train\images\WhatsApp Image 2026-07-03 at 11-57-28 (1)_jpeg.rf.lHslkDaniHt1xdUvBrDa.jpeg,91faf9ffb18cc8964721a85754ac8b810104ed72ff9f8cbe203ab51b034595db,0224357456120002,74,manual_original,clipped_manual_export_geometry
3569ca230ac9808eaf77,train,local,C:\Users\dharani\Downloads\Egg-Tray-Counter.yolov8 (1)\train\images\WhatsApp Image 2026-07-03 at 11-57-32 (1)_jpeg.rf.WrQ9NyPDXfdcULwrot06.jpeg,3569ca230ac9808eaf774e3e0a94c5069f1bae8abf4fbc243be1ca2b5fdd6a4e,fffdfdfaca8a9103,90,manual_original,clipped_manual_export_geometry
8b866324b4890646cd22,train,local,C:\Users\dharani\Downloads\Egg-Tray-Counter.yolov8 (1)\train\images\WhatsApp Image 2026-07-03 at 11-57-35_jpeg.rf.dZ19MdRs17pqrKdXfjKQ.jpeg,8b866324b4890646cd22ad88101f47cc5ed56058b577c0ffac02eec6e037a904,fffef4f828390101,80,manual_original,clipped_manual_export_geometry
a0eaf3b3a056decfaca1,train,local,C:\Users\dharani\Downloads\Egg-Tray-Counter.yolov8 (1)\train\images\WhatsApp Image 2026-07-03 at 11-57-37_jpeg.rf.zl0DuRCnNhHSp2JE9Ngk.jpeg,a0eaf3b3a056decfaca14aab10871e7487ea61545f6c73f66cea4036a69f25c2,dcf9f4b070706c0d,139,manual_original,
ebad10b14d6ec2c6b534,train,local,C:\Users\dharani\Downloads\Egg-Tray-Counter.yolov8 (1)\train\images\WhatsApp Image 2026-07-03 at 11-57-38_jpeg.rf.mg7n388FM8Qtoy37zzCV.jpeg,ebad10b14d6ec2c6b534aecbe65dea3d9bd598bcd9845da6efd831b8ca334bfd,fbffefe1a8b8f19b,159,manual_original,
3d1b17fec0e135d3a3ff,train,local,C:\Users\dharani\Downloads\Egg-Tray-Counter.yolov8 (1)\train\images\WhatsApp Image 2026-07-03 at 11-57-41 (1)_jpeg.rf.bqQmiLwiU9rRE4ASLHpW.jpeg,3d1b17fec0e135d3a3ff47d8090cd1b77bf8b527d5cfa4954e4e7b63e389b95c,776760327070b8a6,140,manual_original,
ba00c5508b9b05251661,train,local,C:\Users\dharani\Downloads\Egg-Tray-Counter.yolov8 (1)\train\images\WhatsApp Image 2026-07-03 at 11-57-43 (1)_jpeg.rf.v8worUAsjqjwEzKgQPJ4.jpeg,ba00c5508b9b05251661049479988de607aca16f97adb311649b56f3a24daace,f2787d70f0d82685,121,manual_original,
66248568c8810c7503e4,train,local,C:\Users\dharani\Downloads\Egg-Tray-Counter.yolov8 (1)\train\images\WhatsApp Image 2026-07-03 at 11-57-45 (1)_jpeg.rf.dUDxM4QAxM6mbLHwTfx6.jpeg,66248568c8810c7503e42a2b6a7e6ee7f7df527f275db763ada51c2520742004,1cdc9cd89818d2dc,14,manual_original,
21fab614bf7ec2361ba2,train,local,C:\Users\dharani\Downloads\Egg-Tray-Counter.yolov8 (1)\train\images\WhatsApp Image 2026-07-03 at 11-57-47_jpeg.rf.pczcgbY2U0RPwoPB5NTp.jpeg,21fab614bf7ec2361ba2a86d860558c49382e3e2f35973082bff7b07fc890825,f8b6fad0b4b6b4dc,3,manual_original,
1ee2485148239d37ef15,train,local,C:\Users\dharani\Downloads\Egg-Tray-Counter.yolov8 (1)\train\images\WhatsApp Image 2026-07-03 at 11-57-50_jpeg.rf.ZsD7tvyanU7Um2nBNfHy.jpeg,1ee2485148239d37ef1593a3c1d20770a49960e2088413670f89046ab45a8c7e,890949b991677bd8,17,manual_original,
41a1e5bfcf14ef8ed43e,train,local,C:\Users\dharani\Downloads\Egg-Tray-Counter.yolov8 (1)\train\images\WhatsApp Image 2026-07-03 at 11-57-52 (1)_jpeg.rf.zjHY9UWh7NFxLvQd5l3q.jpeg,41a1e5bfcf14ef8ed43e48f1bd4f70fe74d1ec81c877cfd306cb27d62891977b,bf34246467649101,8,manual_original,
dee13c08225cdc3360af,train,local,C:\Users\dharani\Downloads\Egg-Tray-Counter.yolov8 (1)\train\images\WhatsApp Image 2026-07-03 at 11-57-54 (1)_jpeg.rf.lRomeWVbCLWf5QeTIRUk.jpeg,dee13c08225cdc3360afd8e9e512058a11029be5b631d983c1768e9708e4c4cf,7b31016828282707,75,manual_original,
8fa03876c20d362cde94,train,local,C:\Users\dharani\Downloads\Egg-Tray-Counter.yolov8 (1)\train\images\WhatsApp Image 2026-07-03 at 11-57-58_jpeg.rf.goyvsn08dNk3vuBnEzim.jpeg,8fa03876c20d362cde94cee1b269e336815eac53c49bc96eeadd7c44187ca4eb,3f9f9f6b50507921,1,manual_original,
f6ab7d54c2a36c747ca8,train,local,C:\Users\dharani\Downloads\Egg-Tray-Counter.yolov8 (1)\train\images\WhatsApp Image 2026-07-03 at 11-58-00 (1)_jpeg.rf.i7jHVthRhRO3wIU1brHY.jpeg,f6ab7d54c2a36c747ca86e557de7bf0d033f7336d23a18ad37da7d809575cd04,220a28a8a8ad4cd9,74,manual_original,
a2716eab9b66aa79ee0f,train,local,C:\Users\dharani\Downloads\Egg-Tray-Counter.yolov8 (1)\train\images\WhatsApp Image 2026-07-03 at 11-58-22 (1)_jpeg.rf.zRdwVbLeO5LlSvAodekW.jpeg,a2716eab9b66aa79ee0f534eeef1a0d02de1f4e194f34b0b3ab92c831e4970fb,1130103f6c6460a1,4,manual_original,
fbe0d59572aabedc2e11,train,local,C:\Users\dharani\Downloads\Egg-Tray-Counter.yolov8 (1)\train\images\WhatsApp Image 2026-07-03 at 11-58-23 (1)_jpeg.rf.mF965rRrsAZfYSmGL2vS.jpeg,fbe0d59572aabedc2e11c6306971add5252e8394fcbb9e8403c5f77bb026be36,07c78e4c81c84ac0,4,manual_original,
185176b841d0e5f87c5e,train,local,C:\Users\dharani\Downloads\Egg-Tray-Counter.yolov8 (1)\train\images\WhatsApp Image 2026-07-03 at 11-58-23 (2)_jpeg.rf.cBYjLVCYZ5VrNJs7POKJ.jpeg,185176b841d0e5f87c5e7e9dd0479990adfd905530c8b785e37f40052f8ea10b,05c5cc4c81c80ac0,4,manual_original,
4b062b366d4ee176d29c,train,local,C:\Users\dharani\Downloads\Egg-Tray-Counter.yolov8 (1)\train\images\WhatsApp Image 2026-07-03 at 11-58-26_jpeg.rf.Xpu9dABNWBUaya7zSQCw.jpeg,4b062b366d4ee176d29cb64d8df164d075a6cece1ee12cf7dcfec9845d85b8d0,9d1f3eff7f373f0f,39,manual_original,
5a97b316e66f4e774e26,train,local,C:\Users\dharani\Downloads\Egg-Tray-Counter.yolov8 (1)\train\images\WhatsApp Image 2026-07-03 at 11-58-27_jpeg.rf.i0h9YhupsHIvla9qVeVG.jpeg,5a97b316e66f4e774e265433178a772355de35ea9d81341ec5dec480207f8302,be1f3f7f77d71707,19,manual_original,
ad0d90b9a62635f78bcc,train,local,C:\Users\dharani\Downloads\Egg-Tray-Counter.yolov8 (1)\train\images\WhatsApp Image 2026-07-03 at 11-58-30_jpeg.rf.bQ5usKxiPk8i9QBEbeDe.jpeg,ad0d90b9a62635f78bcc79eaaf09f6c984a73cd0f438304c2cb51665ab5e663e,7d5b5bd3d3d39388,60,manual_original,clipped_manual_export_geometry
d95f511f72220ec9919a,train,local,C:\Users\dharani\Downloads\Egg-Tray-Counter.yolov8 (1)\train\images\WhatsApp Image 2026-07-03 at 11-58-37_jpeg.rf.qTnJrZblLDtg13jYiTYR.jpeg,d95f511f72220ec9919a3cbbde1ff99b301a61d08712c94c544dd6fafaf8ce30,4454545555555555,95,manual_original,
3b3ed50fdc6b4236e467,train,local,C:\Users\dharani\Downloads\Egg-Tray-Counter.yolov8 (1)\train\images\WhatsApp Image 2026-07-03 at 11-58-42 (2)_jpeg.rf.fpksSWM5bIXMbtawrKSc.jpeg,3b3ed50fdc6b4236e46729ec8ceeb44332150c0e87b2ad54f47a7b62cac782cf,c0f0b8b0b298b293,8,manual_original,
74c1c55c022a4b7dd1f6,train,local,C:\Users\dharani\Downloads\Egg-Tray-Counter.yolov8 (1)\train\images\WhatsApp Image 2026-07-03 at 11-58-43_jpeg.rf.pm7vjAnBB6x99hCtg7Iz.jpeg,74c1c55c022a4b7dd1f628da6785c9ac92d1ca526290d3d9758e410a9d3c9c11,f0c0f081969b393d,5,manual_original,
98d66ec21cca75d245dd,train,local,C:\Users\dharani\Downloads\Egg-Tray-Counter.yolov8 (1)\train\images\WhatsApp Image 2026-07-03 at 11-58-45 (1)_jpeg.rf.ZfqC6bVh4j1jBhCzoZMk.jpeg,98d66ec21cca75d245ddab177191290b71f979b8181f3fbae71338870649099d,1a98a58554f16f6d,73,manual_original,
1f4e07b914f69cf7734a,train,local,C:\Users\dharani\Downloads\Egg-Tray-Counter.yolov8 (1)\train\images\WhatsApp Image 2026-07-03 at 11-58-45_jpeg.rf.jKrIpdjKuxwt2CALS23L.jpeg,1f4e07b914f69cf7734aeb0d490e82b27d2f86fb604bc3f646693d98112c2e19,275181a1c5e6fccc,23,manual_original,
6230e5bfdf3c5cd5e6ec,train,local,C:\Users\dharani\Downloads\Egg-Tray-Counter.yolov8 (1)\train\images\WhatsApp Image 2026-07-03 at 11-58-55_jpeg.rf.h5uieAcUcy5jod4AtLU9.jpeg,6230e5bfdf3c5cd5e6ec040ccffca51c74b714d34d7085f8147ee1e8c4875329,6868e8e86a223327,60,manual_original,
32766c4e23b881d53bb7,train,local,C:\Users\dharani\Downloads\Egg-Tray-Counter.yolov8 (1)\train\images\WhatsApp Image 2026-07-03 at 11-58-56 (1)_jpeg.rf.XFedYt5A5YeqDdlnXiOq.jpeg,32766c4e23b881d53bb786447f36f82fd182d108b6f93940a1d0b6607ab0d854,0526428080a8b994,100,manual_original,
12be1ee147e868b1bbb1,train,local,C:\Users\dharani\Downloads\Egg-Tray-Counter.yolov8 (1)\train\images\WhatsApp Image 2026-07-03 at 11-59-00_jpeg.rf.ZrfO9eMndilpMQ5RgPq5.jpeg,12be1ee147e868b1bbb19b2ca355097fc479d478f423c70a8d3932c8f70ea7b9,038101111010060c,16,manual_original,
ac61c8adecb352729427,train,local,C:\Users\dharani\Downloads\Egg-Tray-Counter.yolov8 (1)\train\images\WhatsApp Image 2026-07-03 at 11-59-01_jpeg.rf.dIFdPgh6mPjb3Fjk807o.jpeg,ac61c8adecb352729427721f8794cb5f0092c5b2bce051a6516abd5ec9867cea,1e07010101010131,116,manual_original,
015c90fdb6fdfca1f073,train,local,C:\Users\dharani\Downloads\Egg-Tray-Counter.yolov8 (1)\train\images\WhatsApp Image 2026-07-03 at 12-00-27_jpeg.rf.yNc8LYCiO65RaRsqxJwp.jpeg,015c90fdb6fdfca1f073cf9ee8b75053cf5df3a7b1d386516b87e56bd3366f95,0323333f3ab40d4b,101,manual_original,
58e3494ec16549e0f358,train,local,C:\Users\dharani\Downloads\Egg-Tray-Counter.yolov8 (1)\train\images\WhatsApp Image 2026-07-03 at 12-00-34_jpeg.rf.kVzEh07yC95P7qEpWQ9w.jpeg,58e3494ec16549e0f358e886e3fd365a3ca884982ad7ed8ae6e83b791a74c361,1603110d074343a5,5,manual_original,
3c10ced76389577195fa,train,local,C:\Users\dharani\Downloads\Egg-Tray-Counter.yolov8 (1)\train\images\WhatsApp Image 2026-07-03 at 12-00-40_jpeg.rf.ov87GDTsWSOLwfyhS0RW.jpeg,3c10ced76389577195fa8cf61b64ea866d3a7aa6926556a554187c6519af4616,a5771f1f1d362636,17,manual_original,
79864ee402436557415d,train,local,C:\Users\dharani\Downloads\Egg-Tray-Counter.yolov8 (1)\train\images\WhatsApp Image 2026-07-03 at 12-00-51_jpeg.rf.qyrSkiqXfQ0akef4ODjm.jpeg,79864ee402436557415d3ab87d218f0f06a309af5ca7236ff311ec56f8876d5a,183e1f6de5355898,7,manual_original,
d7c9bd5da8895bca07a0,train,local,C:\Users\dharani\Downloads\Egg-Tray-Counter.yolov8 (1)\train\images\WhatsApp Image 2026-07-03 at 12-00-52 (1)_jpeg.rf.u1npBl7FFoa9DIxKMXc2.jpeg,d7c9bd5da8895bca07a0d7daf2855fc348898f094ab4c0e3ea696efb6ce9f0a6,df17d6d6364e4e9e,30,manual_original,
325eea7a97150b496d15,train,local,C:\Users\dharani\Downloads\Egg-Tray-Counter.yolov8 (1)\train\images\WhatsApp Image 2026-07-03 at 12-00-54_jpeg.rf.sdeXG0SQPtHb3Z93RFgo.jpeg,325eea7a97150b496d154116c88eb7265801c0b5686e5d834ff5ba0b4652d723,a6dffbc6f7ff6e7e,4,manual_original,
97c3279e2d30b6f42ce1,train,local,C:\Users\dharani\Downloads\Egg-Tray-Counter.yolov8 (1)\train\images\WhatsApp Image 2026-07-03 at 12-01-08 (1)_jpeg.rf.vI8scr3Ioyy8dnnHulz3.jpeg,97c3279e2d30b6f42ce1c9acc17bf7a8604d60343e9036b2aa8c65e83dcf07ee,5012c60630b8c0c7,1,manual_original,
e23f8e171cc5742b551a,train,local,C:\Users\dharani\Downloads\Egg-Tray-Counter.yolov8 (1)\train\images\WhatsApp Image 2026-07-03 at 12-01-08_jpeg.rf.qcRgWfGIU2A0BxKuIKOv.jpeg,e23f8e171cc5742b551a417a74ae3f88bb8ea7dd0d59551c32cf02fb065a8acf,1f0f6731f94f4fcd,1,manual_original,
f90557f4640b942981a0,train,local,C:\Users\dharani\Downloads\Egg-Tray-Counter.yolov8 (1)\train\images\WhatsApp Image 2026-07-03 at 12-01-09 (1)_jpeg.rf.yezCkKXSBobsltVtqid5.jpeg,f90557f4640b942981a0e95389ccf71c0bffb632d5273692eda04dc750f44173,e7e7eb838bdbc8fd,1,manual_original,
f2dc4416ff8058490f92,train,local,C:\Users\dharani\Downloads\Egg-Tray-Counter.yolov8 (1)\train\images\WhatsApp Image 2026-07-03 at 12-01-13 (1)_jpeg.rf.xIPY6A9HgPy0gl960zyF.jpeg,f2dc4416ff8058490f92777e6a9edb2bafc82445275f519960ddf2cde4730c44,40208c6c4c86849c,20,manual_original,
2a44333649367eba470b,train,local,C:\Users\dharani\Downloads\Egg-Tray-Counter.yolov8 (1)\train\images\WhatsApp Image 2026-07-03 at 12-01-13_jpeg.rf.YIoqLZuwYOmJtOJqkQ1n.jpeg,2a44333649367eba470b4d2af15b292aa4c6d584b3400d922d946fc80a19e40a,5a199a9a9a5ac363,60,manual_original,
41538e48f52c0a7d126e,train,local,C:\Users\dharani\Downloads\Egg-Tray-Counter.yolov8 (1)\train\images\WhatsApp Image 2026-07-03 at 12-01-15 (1)_jpeg.rf.gJXHC6H8p9mwwHek4i8g.jpeg,41538e48f52c0a7d126e1c9423e625b1e6d1e2c90d89d5c911ef612936381db2,5f8e4cb9b8bc06c2,56,manual_original,
4762141635d7aa03268c,train,local,C:\Users\dharani\Downloads\Egg-Tray-Counter.yolov8 (1)\train\images\WhatsApp Image 2026-07-03 at 12-02-55 PM_jpeg.rf.XsGZJN9BTPdAAeo2uLdw.jpeg,4762141635d7aa03268c82acb4d83b3487da7f8f924287117be8d33bfa40a050,fd73796d373efcb0,4,manual_original,
44aa15217c629921ce5f,train,local,C:\Users\dharani\Downloads\Egg-Tray-Counter.yolov8 (1)\train\images\WhatsApp Image 2026-07-03 at 12-03-16 PM (2)_jpeg.rf.dQiR4eUlJUF9esyu0vyY.jpeg,44aa15217c629921ce5fc20b34c98a118498557b7e12079e37b510dc3b3f235e,f3daccc495111111,19,manual_original,
d328c4489632a61b2071,train,local,C:\Users\dharani\Downloads\Egg-Tray-Counter.yolov8 (1)\train\images\WhatsApp Video 2026-07-03 at 12_02_29 PM_mp4-0001_jpg.rf.tC0UJEvNmBuazE0kWwiu.jpg,d328c4489632a61b2071150dcf5beee34d87192589e88d3b98b3932930225070,f6d66e72f2e2cbb3,120,manual_original,
e145a7c762d70711c7be,train,local,C:\Users\dharani\Downloads\Egg-Tray-Counter.yolov8 (1)\train\images\WhatsApp Video 2026-07-03 at 12_04_04 PM_mp4-0002_jpg.rf.WksZoRcjnlafdYqHDXur.jpg,e145a7c762d70711c7beb1192e381379cc5cf36ef663ad961fd6813593b955b1,0360e37207030031,1,manual_original,
2bd09fc07625afe38c25,valid,local,C:\Users\dharani\Downloads\Egg-Tray-Counter.yolov8 (1)\valid\images\WhatsApp Image 2026-07-03 at 11-56-54_jpeg.rf.HlukUC8zNO5CytsDNk3Z.jpeg,2bd09fc07625afe38c25ab44e529ed148328c001ffa2a57703e46123f6be0541,cb8b2a2a29291536,100,manual_original,clipped_manual_export_geometry
461de1ec4a17c9a3f453,valid,local,C:\Users\dharani\Downloads\Egg-Tray-Counter.yolov8 (1)\valid\images\WhatsApp Image 2026-07-03 at 11-56-55_jpeg.rf.Lkxx5do53XcQPcgOt5HL.jpeg,461de1ec4a17c9a3f45353f7340caed0ef4129c057d4b3e9234f4d0206b6c8c8,033f525256911911,120,manual_original,clipped_manual_export_geometry
14dbc45a33c3a27279e0,valid,local,C:\Users\dharani\Downloads\Egg-Tray-Counter.yolov8 (1)\valid\images\WhatsApp Image 2026-07-03 at 11-57-00_jpeg.rf.TsO1xnKK6NDMi9oTOQ7g.jpeg,14dbc45a33c3a27279e063b833326ebff3203ccd8b085769888d147b03f6d951,94d494949496b616,79,manual_original,
26edca8a75a9d380e018,valid,local,C:\Users\dharani\Downloads\Egg-Tray-Counter.yolov8 (1)\valid\images\WhatsApp Image 2026-07-03 at 11-58-08 (2)_jpeg.rf.TrlfMmSZj1W7GLgyxw5y.jpeg,26edca8a75a9d380e018712054d1853b4843fc8f8ddef946b282469e52487e93,3860607c5c581803,70,manual_original,
ccf833d6419f0aed1a4d,valid,local,C:\Users\dharani\Downloads\Egg-Tray-Counter.yolov8 (1)\valid\images\WhatsApp Image 2026-07-03 at 12-00-43_jpeg.rf.TQGT8UVNCTajErLBPZlQ.jpeg,ccf833d6419f0aed1a4d91478e4add8044602cb95a8b5a13983e5a1d080021d5,1d19171f1707c7a7,0,manual_original,
e0f00e2e506f411a0b91,valid,local,C:\Users\dharani\Downloads\Egg-Tray-Counter.yolov8 (1)\valid\images\WhatsApp Video 2026-07-03 at 12_02_29_mp4-0000_jpg.rf.K2UzQcxqrpzih3hmBce5.jpg,e0f00e2e506f411a0b91b4bfb0f0a1f8e15788f83f0680ef36d0a2bc06a5f0b0,daeb6e72f3e3cb91,131,manual_original,
4cd1abed9a60a4c45bac,valid,local,C:\Users\dharani\Downloads\Egg-Tray-Counter.yolov8 (1)\valid\images\WhatsApp Video 2026-07-03 at 12_04_04 PM_mp4-0001_jpg.rf.2DbeNpo4AIBk1k3uH9vc.jpg,4cd1abed9a60a4c45bac200b1dabc123899b856456b78237b103ecad02836e1f,0161631382293018,1,manual_original,
a1843591fc331694b11f,test,local,C:\Users\dharani\Downloads\Egg-Tray-Counter.yolov8 (1)\test\images\WhatsApp Image 2026-07-03 at 11-57-20_jpeg.rf.V4VIRRWhPu2ynxwvr2rF.jpeg,a1843591fc331694b11f7b2f2a81d4705839bb08d27bb589fb82cac81c01fa57,1303012001300c87,11,manual_original,
78cc2f94596b1e76295e,test,local,C:\Users\dharani\Downloads\Egg-Tray-Counter.yolov8 (1)\test\images\WhatsApp Image 2026-07-03 at 11-57-31_jpeg.rf.TvlOHECmSwAI7srFlaQa.jpeg,78cc2f94596b1e76295e051d62d1c5b3d02f2f8c27913c654372483192c82958,1613272333333337,4,manual_original,
3eef594bf505b0f40ab1,test,local,C:\Users\dharani\Downloads\Egg-Tray-Counter.yolov8 (1)\test\images\WhatsApp Image 2026-07-03 at 11-58-00 (2)_jpeg.rf.UXbrvcXgrLv3gShQgLpj.jpeg,3eef594bf505b0f40ab1fb9c015a5c45df8ab20912f4d37457633c7c02a2f645,4f4f3b3b3b3fd3f6,28,manual_original,
bb2b695f926199caecaa,test,local,C:\Users\dharani\Downloads\Egg-Tray-Counter.yolov8 (1)\test\images\WhatsApp Image 2026-07-03 at 11-58-39_jpeg.rf.VtJwc4mxtGR0Mx4UvxEm.jpeg,bb2b695f926199caecaa67e3ca7ba6fabc0073237c14f1dd21c3a1dd24ca3604,4c4c6c4c6c6c110d,19,manual_original,
43409f4aee1d3653f129,test,local,C:\Users\dharani\Downloads\Egg-Tray-Counter.yolov8 (1)\test\images\WhatsApp Image 2026-07-03 at 11-58-59 (1)_jpeg.rf.UyhfeGOwGxqgk4mb9PRK.jpeg,43409f4aee1d3653f12960fd6b85f93bf6b06a3a10100760194cf9a45949defc,0001010101051131,120,manual_original,
2b588d2747ad49e43c76,test,local,C:\Users\dharani\Downloads\Egg-Tray-Counter.yolov8 (1)\test\images\WhatsApp Image 2026-07-03 at 12-00-52_jpeg.rf.VgqHMF6ILmU0Im12JpDx.jpeg,2b588d2747ad49e43c760931e49a9449eceba32bafac3938ce96b4d5a91a2ab8,d81f97d6364e4e9e,16,manual_original,
d2bd506506e93f9be28e,train,cloud,C:\Users\dharani\Documents\Codex\2026-08-20\roboflow-plugin-roboflow-roboflow-build-a\outputs\egg-tray-counter\datasets\roboflow_auto_original\train\images\WhatsApp-Image-2026-07-03-at-11-58-24-AM_jpeg.rf.e1b1ba31d5399bdbcd26bcb062e44cf9.jpg,d2bd506506e93f9be28ea5da1db782cdf37c145e8795484e29d4178705eb0a7c,8f83020002002030,0,roboflow_auto,
3eb351160e913c9a5aab,train,cloud,C:\Users\dharani\Documents\Codex\2026-08-20\roboflow-plugin-roboflow-roboflow-build-a\outputs\egg-tray-counter\datasets\roboflow_auto_original\train\images\WhatsApp-Image-2026-07-03-at-11-58-59-AM-1-_jpeg.rf.12cfe94b5e077540a13ff4ef2b6b3695.jpg,3eb351160e913c9a5aabd1c590c0e4dd4ffd4dad8ce3bc8ca45297c8a1357d76,713101cdd1a30fad,0,roboflow_auto,
c5daf74b8fbfc8789dc6,train,cloud,C:\Users\dharani\Documents\Codex\2026-08-20\roboflow-plugin-roboflow-roboflow-build-a\outputs\egg-tray-counter\datasets\roboflow_auto_original\train\images\WhatsApp-Image-2026-07-03-at-11-58-59-AM_jpeg.rf.bc78b0f13cd9642423acf1380407f31c.jpg,c5daf74b8fbfc8789dc677312040861be0d396cc2b5695989ddf65ff9291621a,f13101cdd1a38fad,0,roboflow_auto,
a3d560ec5fa32afe89ac,train,cloud,C:\Users\dharani\Documents\Codex\2026-08-20\roboflow-plugin-roboflow-roboflow-build-a\outputs\egg-tray-counter\datasets\roboflow_auto_original\train\images\WhatsApp-Image-2026-07-03-at-11-59-00-AM-2-_jpeg.rf.8faa5a7e964200a1a0201b7a5ffd0182.jpg,a3d560ec5fa32afe89ac536e2d24a65e8772ff3f58f155d2e9a094e5e25ba212,4707c6d6be3e5eef,3,roboflow_auto,
e0dc76ed696457a17808,train,cloud,C:\Users\dharani\Documents\Codex\2026-08-20\roboflow-plugin-roboflow-roboflow-build-a\outputs\egg-tray-counter\datasets\roboflow_auto_original\train\images\WhatsApp-Image-2026-07-03-at-11-59-00-AM_jpeg.rf.6e8971eb11a534478fbecc255b9469b2.jpg,e0dc76ed696457a17808f5ff847e257bb559d42555f6bf750a3f12bfbaf6fd3d,d0214fdda30f8c8c,0,roboflow_auto,
d3fabbb331719604cbae,train,cloud,C:\Users\dharani\Documents\Codex\2026-08-20\roboflow-plugin-roboflow-roboflow-build-a\outputs\egg-tray-counter\datasets\roboflow_auto_original\train\images\WhatsApp-Image-2026-07-03-at-11-59-01-AM_jpeg.rf.17a992dc9f69a7536fb69c8b9bdb66a5.jpg,d3fabbb331719604cbae5428a5883acd8d75c9b1e5712fb192ea284ea7aa759b,33fbe91b23379f9b,0,roboflow_auto,
34a9af5f80456a3d326d,train,cloud,C:\Users\dharani\Documents\Codex\2026-08-20\roboflow-plugin-roboflow-roboflow-build-a\outputs\egg-tray-counter\datasets\roboflow_auto_original\train\images\WhatsApp-Image-2026-07-03-at-11-59-02-AM_jpeg.rf.05c2d1b77c14b712f0d3ff31d25a2a4c.jpg,34a9af5f80456a3d326dca93bc3f51af043a175faab358047547d810cfa28fdd,f7e791b1f5c3cfb5,0,roboflow_auto,
a14c60780049e7f5c569,train,cloud,C:\Users\dharani\Documents\Codex\2026-08-20\roboflow-plugin-roboflow-roboflow-build-a\outputs\egg-tray-counter\datasets\roboflow_auto_original\train\images\WhatsApp-Image-2026-07-03-at-11-59-03-AM-1-_jpeg.rf.3111476f032840353faee63433ef3724.jpg,a14c60780049e7f5c5692c74ceb7ab717ba9a9f2b47d84e7821a6b1e6d10eea6,000000f030220cc8,0,roboflow_auto,
b15e59818418b79804bb,train,cloud,C:\Users\dharani\Documents\Codex\2026-08-20\roboflow-plugin-roboflow-roboflow-build-a\outputs\egg-tray-counter\datasets\roboflow_auto_original\train\images\WhatsApp-Image-2026-07-03-at-11-59-03-AM_jpeg.rf.cd3a91e6a75a64a3055c4585924ee228.jpg,b15e59818418b79804bb7b003af8db389a6f679a48deb189b3acd41425d080cb,0f0e03e04119914d,0,roboflow_auto,
b4a1466bdb53edebd384,train,cloud,C:\Users\dharani\Documents\Codex\2026-08-20\roboflow-plugin-roboflow-roboflow-build-a\outputs\egg-tray-counter\datasets\roboflow_auto_original\train\images\WhatsApp-Image-2026-07-03-at-11-59-04-AM_jpeg.rf.bfcf5ffe7656837e821e4508298bbea0.jpg,b4a1466bdb53edebd3840609ac45821a80401d98e33ba71b2cb94c0ae0da2e38,0f0e93e04119914d,0,roboflow_auto,
ef90383edaa57abfd5f0,train,cloud,C:\Users\dharani\Documents\Codex\2026-08-20\roboflow-plugin-roboflow-roboflow-build-a\outputs\egg-tray-counter\datasets\roboflow_auto_original\train\images\WhatsApp-Image-2026-07-03-at-11-59-09-AM-1-_jpeg.rf.6d0f1a7b09693bcc889e211bf979ad59.jpg,ef90383edaa57abfd5f093b496004adec238cc119e47e3a094dd4b8163fc43b8,626263634343c10e,0,roboflow_auto,
6ea272837ea8e440860e,train,cloud,C:\Users\dharani\Documents\Codex\2026-08-20\roboflow-plugin-roboflow-roboflow-build-a\outputs\egg-tray-counter\datasets\roboflow_auto_original\train\images\WhatsApp-Image-2026-07-03-at-12-00-24-PM-1-_jpeg.rf.ec01d0c6007e05e229426d0c261b150c.jpg,6ea272837ea8e440860e6682f470e149b3f8ead4fcb0320a1753d4a4818ba72c,e6fce0e02130612f,0,roboflow_auto,
0e91a1c9ce4015a59823,train,cloud,C:\Users\dharani\Documents\Codex\2026-08-20\roboflow-plugin-roboflow-roboflow-build-a\outputs\egg-tray-counter\datasets\roboflow_auto_original\train\images\WhatsApp-Image-2026-07-03-at-12-00-29-PM_jpeg.rf.9818070901574e0092d6cafa0e37ce6a.jpg,0e91a1c9ce4015a59823ebf1ee13e5fe191f00482dc5ea7c8c9bac16a841435d,3cdde9efaeeed407,0,roboflow_auto,
d840c16a733d06010b10,train,cloud,C:\Users\dharani\Documents\Codex\2026-08-20\roboflow-plugin-roboflow-roboflow-build-a\outputs\egg-tray-counter\datasets\roboflow_auto_original\train\images\WhatsApp-Image-2026-07-03-at-12-00-40-PM-1-_jpeg.rf.d1dde0eeb4efecac33cbf2daf04c937e.jpg,d840c16a733d06010b10dc14ec7ba3211d1faf9503f446a382f2feff0241be08,3d19175f175757d7,54,roboflow_auto,
9590ceca8ca176d0d246,train,cloud,C:\Users\dharani\Documents\Codex\2026-08-20\roboflow-plugin-roboflow-roboflow-build-a\outputs\egg-tray-counter\datasets\roboflow_auto_original\train\images\WhatsApp-Image-2026-07-03-at-12-00-40-PM_jpeg.rf.ab3a7546ec75c99c71ebaf0d5fdd182d.jpg,9590ceca8ca176d0d2464bb7eb5c1a45e274d9ea884dd0dabf960eb5e7cdb8ef,2f4cc4d4586864e6,1,roboflow_auto,
806329c29d3aee5d41eb,train,cloud,C:\Users\dharani\Documents\Codex\2026-08-20\roboflow-plugin-roboflow-roboflow-build-a\outputs\egg-tray-counter\datasets\roboflow_auto_original\train\images\WhatsApp-Image-2026-07-03-at-12-00-43-PM_jpeg.rf.e2af0266bdaac40b51e56e46e2da679d.jpg,806329c29d3aee5d41eb063acc200a68796f60814523c254155af5f2e40f9345,06863b71e0e82000,1,roboflow_auto,
54937ac50086892d55d2,train,cloud,C:\Users\dharani\Documents\Codex\2026-08-20\roboflow-plugin-roboflow-roboflow-build-a\outputs\egg-tray-counter\datasets\roboflow_auto_original\train\images\WhatsApp-Image-2026-07-03-at-12-00-45-PM_jpeg.rf.4d7aa956bc0ac985c916dc816b038206.jpg,54937ac50086892d55d2c30e8114a1efd9d6e52f17ae56e7cda20d5d7f89d170,37332727329eccec,0,roboflow_auto,
c2a9b50ff52dd7dda148,train,cloud,C:\Users\dharani\Documents\Codex\2026-08-20\roboflow-plugin-roboflow-roboflow-build-a\outputs\egg-tray-counter\datasets\roboflow_auto_original\train\images\WhatsApp-Image-2026-07-03-at-12-00-46-PM_jpeg.rf.d24a7c79dc319e5535ba27f8e38070fa.jpg,c2a9b50ff52dd7dda14887dced9e29a561032f66881fdf1c90ee5452ea4c52fa,6f6c1ddb17575757,19,roboflow_auto,
5aae0b69f91f8bdcbbf7,train,cloud,C:\Users\dharani\Documents\Codex\2026-08-20\roboflow-plugin-roboflow-roboflow-build-a\outputs\egg-tray-counter\datasets\roboflow_auto_original\train\images\WhatsApp-Image-2026-07-03-at-12-00-48-PM_jpeg.rf.d0fc076a235f4f656c10688b25e407a1.jpg,5aae0b69f91f8bdcbbf730447c21bec18bd6b3f434e8a4254ed31629221f6777,2c7c1ddb17575757,13,roboflow_auto,
392dd4934876e29bf6cd,train,cloud,C:\Users\dharani\Documents\Codex\2026-08-20\roboflow-plugin-roboflow-roboflow-build-a\outputs\egg-tray-counter\datasets\roboflow_auto_original\train\images\WhatsApp-Image-2026-07-03-at-12-00-49-PM_jpeg.rf.fcb4c696e7f3f0cbab61d262fbbe55d1.jpg,392dd4934876e29bf6cd661aaf174a6479c3f3d0fd32ceba1cda7b6c24c1a48b,475c195b17575757,6,roboflow_auto,
d65f3e32dafb42cc3b47,train,cloud,C:\Users\dharani\Documents\Codex\2026-08-20\roboflow-plugin-roboflow-roboflow-build-a\outputs\egg-tray-counter\datasets\roboflow_auto_original\train\images\WhatsApp-Image-2026-07-03-at-12-00-50-PM_jpeg.rf.b73595eb08778df8982d5f219e9f9ea8.jpg,d65f3e32dafb42cc3b47dafa55b7ee2916eeb4745cadda0292c2f9d81a8b6cff,5cdfd652d7cfd4d8,0,roboflow_auto,
b7691c31de702d79b6d4,train,cloud,C:\Users\dharani\Documents\Codex\2026-08-20\roboflow-plugin-roboflow-roboflow-build-a\outputs\egg-tray-counter\datasets\roboflow_auto_original\train\images\WhatsApp-Image-2026-07-03-at-12-01-01-PM_jpeg.rf.42f81c941eaf9e9993bcca62a848b48d.jpg,b7691c31de702d79b6d4e204d0d7beb0e6e8763e55136b19a4585f0c3e985ebd,c3861b184d5a4107,0,roboflow_auto,
701dc00d30011aa4d1bb,train,cloud,C:\Users\dharani\Documents\Codex\2026-08-20\roboflow-plugin-roboflow-roboflow-build-a\outputs\egg-tray-counter\datasets\roboflow_auto_original\train\images\WhatsApp-Image-2026-07-03-at-12-01-03-PM_jpeg.rf.d20a19c3dc902c2f4ef1644db8fb50b7.jpg,701dc00d30011aa4d1bb07a986af5553a536d8d7c353bbf6d9c0247a3d787444,5fcf9795b3b393fb,0,roboflow_auto,
ab8c9531b80991831e2b,train,cloud,C:\Users\dharani\Documents\Codex\2026-08-20\roboflow-plugin-roboflow-roboflow-build-a\outputs\egg-tray-counter\datasets\roboflow_auto_original\train\images\WhatsApp-Image-2026-07-03-at-12-01-05-PM-1-_jpeg.rf.f646cd1d16927879abd22ce86e4cb618.jpg,ab8c9531b80991831e2b80399db2695f4934074a2304cb3b1205e533c75b751c,0ba98f2f0f8783fa,2,roboflow_auto,
c1e45bba99bea2933155,train,cloud,C:\Users\dharani\Documents\Codex\2026-08-20\roboflow-plugin-roboflow-roboflow-build-a\outputs\egg-tray-counter\datasets\roboflow_auto_original\train\images\WhatsApp-Image-2026-07-03-at-12-01-05-PM-2-_jpeg.rf.4cdc74e3890310b75588aa2eafda1fb1.jpg,c1e45bba99bea2933155d6abc3672674e1c06362ed154d78c7364149a4b807a8,c8f8f8f87a6a6a68,1,roboflow_auto,
578c66c24c822eff601b,train,cloud,C:\Users\dharani\Documents\Codex\2026-08-20\roboflow-plugin-roboflow-roboflow-build-a\outputs\egg-tray-counter\datasets\roboflow_auto_original\train\images\WhatsApp-Image-2026-07-03-at-12-01-06-PM_jpeg.rf.50f66abd859f787489b2861c35fdb268.jpg,578c66c24c822eff601b55400fe033ed259e2bde5519d7836886aedd3bcfbebc,d3d38f0f8783e2e0,0,roboflow_auto,
6e36e16710923cd99940,train,cloud,C:\Users\dharani\Documents\Codex\2026-08-20\roboflow-plugin-roboflow-roboflow-build-a\outputs\egg-tray-counter\datasets\roboflow_auto_original\train\images\WhatsApp-Image-2026-07-03-at-12-01-07-PM-1-_jpeg.rf.00f0973e45e9781515f70538c70cf9d3.jpg,6e36e16710923cd9994017f7c9a6ff57ff073a719b35a5959bfffcebe91bc78a,424234242424399c,0,roboflow_auto,
61bf5bc08bb254c6979b,train,cloud,C:\Users\dharani\Documents\Codex\2026-08-20\roboflow-plugin-roboflow-roboflow-build-a\outputs\egg-tray-counter\datasets\roboflow_auto_original\train\images\WhatsApp-Image-2026-07-03-at-12-01-07-PM_jpeg.rf.4c2aabc4398bbe7043db83680de3dbc7.jpg,61bf5bc08bb254c6979b7d12136d071738fa62d7a25d75d8ba6fa002c6a55151,858d1f4f0f0f642f,0,roboflow_auto,
cf562ce0f6a3d606204a,train,cloud,C:\Users\dharani\Documents\Codex\2026-08-20\roboflow-plugin-roboflow-roboflow-build-a\outputs\egg-tray-counter\datasets\roboflow_auto_original\train\images\WhatsApp-Image-2026-07-03-at-12-01-10-PM_jpeg.rf.cdf4d22829dcb30c71c20e76681ca199.jpg,cf562ce0f6a3d606204a98d48276de120b5d8cd06f81f3665fc3770351915fda,e8ccc8aa8a83cb9a,10,roboflow_auto,
2721453227aa78d464f0,train,cloud,C:\Users\dharani\Documents\Codex\2026-08-20\roboflow-plugin-roboflow-roboflow-build-a\outputs\egg-tray-counter\datasets\roboflow_auto_original\train\images\WhatsApp-Image-2026-07-03-at-12-01-15-PM_jpeg.rf.52ba0c34ffacd7ce475972dda0b66e6e.jpg,2721453227aa78d464f0d384ce59899f22f7c88bc3e1b7194d35048300a07b54,8fb8bc8c8e8ccccc,16,roboflow_auto,
08c3b9b331a572e9fbc9,train,cloud,C:\Users\dharani\Documents\Codex\2026-08-20\roboflow-plugin-roboflow-roboflow-build-a\outputs\egg-tray-counter\datasets\roboflow_auto_original\train\images\WhatsApp-Image-2026-07-03-at-12-02-46-PM_jpeg.rf.54a1a686323b8ff972f5120e2206a619.jpg,08c3b9b331a572e9fbc96dd4d7b1038975c2dc86c0d4f8d28bab2db9cc4ef540,000105161e765677,3,roboflow_auto,
9b375e96a00568fd4dc9,train,cloud,C:\Users\dharani\Documents\Codex\2026-08-20\roboflow-plugin-roboflow-roboflow-build-a\outputs\egg-tray-counter\datasets\roboflow_auto_original\train\images\WhatsApp-Image-2026-07-03-at-12-02-47-PM_jpeg.rf.ec68dc1a276d6cec66d5ecb6613a0a6e.jpg,9b375e96a00568fd4dc9816ff68573d2d3c614975a7360cefdfc626014342066,870763630d9c9c94,8,roboflow_auto,
0faecfd1d67568472d95,train,cloud,C:\Users\dharani\Documents\Codex\2026-08-20\roboflow-plugin-roboflow-roboflow-build-a\outputs\egg-tray-counter\datasets\roboflow_auto_original\train\images\WhatsApp-Image-2026-07-03-at-12-02-48-PM-1-_jpeg.rf.f9d56ab5c89c2790fa92c3e1c33e6fd2.jpg,0faecfd1d67568472d95cd018f665b159690ef04674af19870a1a9644b48453b,0f0e87a9884e8f2d,0,roboflow_auto,
71135eb061c4bb2834b5,train,cloud,C:\Users\dharani\Documents\Codex\2026-08-20\roboflow-plugin-roboflow-roboflow-build-a\outputs\egg-tray-counter\datasets\roboflow_auto_original\train\images\WhatsApp-Image-2026-07-03-at-12-02-48-PM_jpeg.rf.c4716ce68d67769d9fbd3d0d7c78225b.jpg,71135eb061c4bb2834b5065e5826e28a5493a569fd7de721c1c21771d61c0fd4,3e7351372e1c89d3,1,roboflow_auto,
a0bab6bc320585fa213a,train,cloud,C:\Users\dharani\Documents\Codex\2026-08-20\roboflow-plugin-roboflow-roboflow-build-a\outputs\egg-tray-counter\datasets\roboflow_auto_original\train\images\WhatsApp-Image-2026-07-03-at-12-02-53-PM-1-_jpeg.rf.e7a8607611d17d6ffd7e8c81e7fbc372.jpg,a0bab6bc320585fa213a9aa2db082b451a339f13a31e441666a63a42620856f1,d6fe0be85fc99b9f,15,roboflow_auto,
49b6748456d7e630422e,train,cloud,C:\Users\dharani\Documents\Codex\2026-08-20\roboflow-plugin-roboflow-roboflow-build-a\outputs\egg-tray-counter\datasets\roboflow_auto_original\train\images\WhatsApp-Image-2026-07-03-at-12-03-05-PM_jpeg.rf.01a930ef0cf0e2acb88ce749e17db70c.jpg,49b6748456d7e630422e4f59d468b0eaf8058886a0f1c88457ac188b64edf6f5,7e3c1e0f0bacecf2,0,roboflow_auto,
dd102925d9227b62b3cb,train,cloud,C:\Users\dharani\Documents\Codex\2026-08-20\roboflow-plugin-roboflow-roboflow-build-a\outputs\egg-tray-counter\datasets\roboflow_auto_original\train\images\WhatsApp-Image-2026-07-03-at-12-03-11-PM-2-_jpeg.rf.84ae3f036cc8aa2b239004fe0a5571cb.jpg,dd102925d9227b62b3cbc96fd7e29cdf1a9982f37b92011a87494d99dfe97ce6,3e3f7fd9f3fcfcf8,1,roboflow_auto,
140927627abaed6bc683,train,cloud,C:\Users\dharani\Documents\Codex\2026-08-20\roboflow-plugin-roboflow-roboflow-build-a\outputs\egg-tray-counter\datasets\roboflow_auto_original\train\images\WhatsApp-Image-2026-07-03-at-12-03-13-PM-2-_jpeg.rf.9cb75bee8b485014d9a2931c8e326530.jpg,140927627abaed6bc683554a43954acce113e22ede4dda103925fa1e5f8259bc,3edffbd9d9fefcf8,3,roboflow_auto,
64472cf1c76cdee4bee1,train,cloud,C:\Users\dharani\Documents\Codex\2026-08-20\roboflow-plugin-roboflow-roboflow-build-a\outputs\egg-tray-counter\datasets\roboflow_auto_original\train\images\WhatsApp-Image-2026-07-03-at-12-03-15-PM-2-_jpeg.rf.c4c365de891fb413a8824916dbb4353e.jpg,64472cf1c76cdee4bee14ce4ad5f17bbcf20454dad52252dfffcbcfc227e3c22,7edfff7ce1fefcfc,0,roboflow_auto,
3505ce64952cae846b38,train,cloud,C:\Users\dharani\Documents\Codex\2026-08-20\roboflow-plugin-roboflow-roboflow-build-a\outputs\egg-tray-counter\datasets\roboflow_auto_original\train\images\WhatsApp-Image-2026-07-03-at-12-04-10-PM_jpeg.rf.4295d23cbf7cf3a0d78e2a970eaf84fc.jpg,3505ce64952cae846b38baaf8e4c6c750478720d563786163f3f9734833ca80e,f6bf2f0c0d84c482,0,roboflow_auto,
1a641b92752f95b017d5,train,cloud,C:\Users\dharani\Documents\Codex\2026-08-20\roboflow-plugin-roboflow-roboflow-build-a\outputs\egg-tray-counter\datasets\roboflow_auto_original\train\images\WhatsApp-Image-2026-07-03-at-12-04-12-PM_jpeg.rf.52ad12c56defe438c686dfe8d8a28b1f.jpg,1a641b92752f95b017d5adecdbe37d73b13568f880d0410af00a835bf7a97623,f3bf2f0c0584c482,0,roboflow_auto,
7c8a50fe5901742805a6,train,cloud,C:\Users\dharani\Documents\Codex\2026-08-20\roboflow-plugin-roboflow-roboflow-build-a\outputs\egg-tray-counter\datasets\roboflow_auto_original\train\images\WhatsApp-Image-2026-07-03-at-12-04-17-PM_jpeg.rf.618e6db8c74092d5edbde5709140c4fb.jpg,7c8a50fe5901742805a68ed1b2c6563d53b25cf7450145c4015fbeb06001b178,ef3f1e4d0d8c8686,14,roboflow_auto,
2a05251e7b50984713f5,train,cloud,C:\Users\dharani\Documents\Codex\2026-08-20\roboflow-plugin-roboflow-roboflow-build-a\outputs\egg-tray-counter\datasets\roboflow_auto_original\train\images\WhatsApp-Image-2026-07-03-at-12-04-25-PM_jpeg.rf.d5d5a6db58142313153f80fbac5b8cb5.jpg,2a05251e7b50984713f5ce4fdefa6a84da1b2118cc19dcfe2c57c6a498bd4f8f,ef3f5ecc0c8cc405,4,roboflow_auto,
c8718432472b3d5059ed,train,cloud,C:\Users\dharani\Documents\Codex\2026-08-20\roboflow-plugin-roboflow-roboflow-build-a\outputs\egg-tray-counter\datasets\roboflow_auto_original\train\images\WhatsApp-Video-2026-07-03-at-12_02_14-PM_mp4-0000_jpg.rf.c024a34e8cda352ef9751a7c99807f6b.jpg,c8718432472b3d5059edab0bca6888cbf5cd257ac83d319d408962320e3bf3e8,0000000000000000,0,roboflow_auto,
471c41d2a954b267a9bf,train,cloud,C:\Users\dharani\Documents\Codex\2026-08-20\roboflow-plugin-roboflow-roboflow-build-a\outputs\egg-tray-counter\datasets\roboflow_auto_original\train\images\WhatsApp-Video-2026-07-03-at-12_04_04-PM_mp4-0020_jpg.rf.c0bc10f235cb33bd3630bf1b0f60b512.jpg,471c41d2a954b267a9bfe7ac09c89498c395e582f2aa17a6e2af109230c3737e,92c86151c1e51c30,43,roboflow_auto,
f32b812dd65d0c12b803,train,cloud,C:\Users\dharani\Documents\Codex\2026-08-20\roboflow-plugin-roboflow-roboflow-build-a\outputs\egg-tray-counter\datasets\roboflow_auto_original\train\images\WhatsApp-Video-2026-07-03-at-12_04_04-PM_mp4-0023_jpg.rf.a1f063ea3002613fcd986cb29cbed594.jpg,f32b812dd65d0c12b803c70d4195ab4ff6915dbc822f31b3b6cc05f3cba1a690,7535bd1a185dde3a,6,roboflow_auto,
8910b133e62daef79399,train,cloud,C:\Users\dharani\Documents\Codex\2026-08-20\roboflow-plugin-roboflow-roboflow-build-a\outputs\egg-tray-counter\datasets\roboflow_auto_original\train\images\WhatsApp-Video-2026-07-03-at-12_04_04-PM_mp4-0025_jpg.rf.8a65cc44ebac8da669f29ac739b10053.jpg,8910b133e62daef7939983729dca5e8bb943493f31f0af2c17bd4a5042f6d938,a8d45aa9955a6a5c,20,roboflow_auto,
9a4d9df01e580da0615f,train,cloud,C:\Users\dharani\Documents\Codex\2026-08-20\roboflow-plugin-roboflow-roboflow-build-a\outputs\egg-tray-counter\datasets\roboflow_auto_original\train\images\WhatsApp-Video-2026-07-03-at-12_04_04-PM_mp4-0029_jpg.rf.7e9ec22b6ef9c3f0b260f01a180c94ce.jpg,9a4d9df01e580da0615f32d661d188145eb2823f4169e5f5df49a5b7d38830b5,1f8fd7b301191b9b,0,roboflow_auto,
108fbe48535084f658e4,train,cloud,C:\Users\dharani\Documents\Codex\2026-08-20\roboflow-plugin-roboflow-roboflow-build-a\outputs\egg-tray-counter\datasets\roboflow_auto_original\train\images\WhatsApp-Video-2026-07-03-at-12_04_04-PM_mp4-0031_jpg.rf.d4747b990c05030f8de522443635d56d.jpg,108fbe48535084f658e410b9e4f4a1cf35d770ac574a24cf837af1e3e8b22177,1f1fdfb1101909c9,0,roboflow_auto,
e9378d1f67ef0c79243b,valid,cloud,C:\Users\dharani\Documents\Codex\2026-08-20\roboflow-plugin-roboflow-roboflow-build-a\outputs\egg-tray-counter\datasets\roboflow_auto_original\valid\images\WhatsApp-Image-2026-07-03-at-11-58-22-AM_jpeg.rf.62436941ab432aea295d52e47884d82a.jpg,e9378d1f67ef0c79243bd5f248239daeb1b2d4c0fde54f87081d216834dd0ce0,9fb53475b445be23,0,roboflow_auto,
36dccd6307a7fbd801d3,valid,cloud,C:\Users\dharani\Documents\Codex\2026-08-20\roboflow-plugin-roboflow-roboflow-build-a\outputs\egg-tray-counter\datasets\roboflow_auto_original\valid\images\WhatsApp-Image-2026-07-03-at-11-58-23-AM_jpeg.rf.e9169b684373a49f03a0e570650009fa.jpg,36dccd6307a7fbd801d37f516bb929017e0b0bf979539c2a248a5657079ce417,07c78e4c81c84b40,6,roboflow_auto,
01297a74fd3883320f92,valid,cloud,C:\Users\dharani\Documents\Codex\2026-08-20\roboflow-plugin-roboflow-roboflow-build-a\outputs\egg-tray-counter\datasets\roboflow_auto_original\valid\images\WhatsApp-Image-2026-07-03-at-11-59-01-AM-1-_jpeg.rf.47baf47ca6cefb47063669354d52a7ca.jpg,01297a74fd3883320f92da1863b4da5fc8dd6c88378b358af972e348926da19a,d1215ddda30f8c8c,0,roboflow_auto,
dac9d06e8ca1482d0c9f,valid,cloud,C:\Users\dharani\Documents\Codex\2026-08-20\roboflow-plugin-roboflow-roboflow-build-a\outputs\egg-tray-counter\datasets\roboflow_auto_original\valid\images\WhatsApp-Image-2026-07-03-at-11-59-09-AM_jpeg.rf.065c58edae30d0fe118bc2809cc7dd17.jpg,dac9d06e8ca1482d0c9f8b7f16c4b305c853e25f9ff83da7ecd11212c1f22e30,0042636343818909,0,roboflow_auto,
609a1fa6603c84fd608f,valid,cloud,C:\Users\dharani\Documents\Codex\2026-08-20\roboflow-plugin-roboflow-roboflow-build-a\outputs\egg-tray-counter\datasets\roboflow_auto_original\valid\images\WhatsApp-Image-2026-07-03-at-12-00-35-PM-1-_jpeg.rf.3f40af2ef32cd568c7dc905de5e9207c.jpg,609a1fa6603c84fd608fa9bf7dd28766e889d02381a74766c78b57a35b38b8f8,05851f9f9f0f2727,1,roboflow_auto,
ebe7da7d223bbf618f0f,valid,cloud,C:\Users\dharani\Documents\Codex\2026-08-20\roboflow-plugin-roboflow-roboflow-build-a\outputs\egg-tray-counter\datasets\roboflow_auto_original\valid\images\WhatsApp-Image-2026-07-03-at-12-01-02-PM-2-_jpeg.rf.c0c7ff8b59c8c866ddcb679e61698fc8.jpg,ebe7da7d223bbf618f0fa39f86cb7dc6a4dc3b8efb7ed4c99a1f5c3789af5e59,1f4bd3d1b3b397fb,0,roboflow_auto,
9891b5fd28330278f910,valid,cloud,C:\Users\dharani\Documents\Codex\2026-08-20\roboflow-plugin-roboflow-roboflow-build-a\outputs\egg-tray-counter\datasets\roboflow_auto_original\valid\images\WhatsApp-Image-2026-07-03-at-12-01-02-PM_jpeg.rf.60c82754a7a965381be390e4bc1f36a6.jpg,9891b5fd28330278f910ef8e9b035b7a6ad7545b4166e07aa782565f86f145cf,241a0e27204e5641,0,roboflow_auto,
e93c6f4c51053e7108cf,valid,cloud,C:\Users\dharani\Documents\Codex\2026-08-20\roboflow-plugin-roboflow-roboflow-build-a\outputs\egg-tray-counter\datasets\roboflow_auto_original\valid\images\WhatsApp-Image-2026-07-03-at-12-01-04-PM_jpeg.rf.12c5641153dd7d6be3fc4664b6cb4c8a.jpg,e93c6f4c51053e7108cfb6b5d9a876c0186d49218ec0f9b7cec48c11df8fb17a,c10b167371d4d6f6,0,roboflow_auto,
afce8c7e5a63fb24471b,valid,cloud,C:\Users\dharani\Documents\Codex\2026-08-20\roboflow-plugin-roboflow-roboflow-build-a\outputs\egg-tray-counter\datasets\roboflow_auto_original\valid\images\WhatsApp-Image-2026-07-03-at-12-01-14-PM_jpeg.rf.5a4e89ee02db80b0030802e92b8132ef.jpg,afce8c7e5a63fb24471b3680bec66bce323c2d808e562fb6899eecbd11b7da64,df9d0d6666a82840,0,roboflow_auto,
0ed3cb7f3aa5427610af,valid,cloud,C:\Users\dharani\Documents\Codex\2026-08-20\roboflow-plugin-roboflow-roboflow-build-a\outputs\egg-tray-counter\datasets\roboflow_auto_original\valid\images\WhatsApp-Image-2026-07-03-at-12-02-46-PM-1-_jpeg.rf.e909ab617375c14f9b6467db1d175e5d.jpg,0ed3cb7f3aa5427610af108a6b8783f9dc1329156b08b2e7247ade6a8b2e2371,0305143c66757575,4,roboflow_auto,
dc2db98845872b41b4b9,valid,cloud,C:\Users\dharani\Documents\Codex\2026-08-20\roboflow-plugin-roboflow-roboflow-build-a\outputs\egg-tray-counter\datasets\roboflow_auto_original\valid\images\WhatsApp-Video-2026-07-03-at-12_04_04-PM_mp4-0003_jpg.rf.2d589860d506e3e016a0dd0a9f545e2e.jpg,dc2db98845872b41b4b947200f03180aed83e5d9752b57d363504df76d49d3b6,2444810060672408,10,roboflow_auto,
fc31b5da0c395f550cde,valid,cloud,C:\Users\dharani\Documents\Codex\2026-08-20\roboflow-plugin-roboflow-roboflow-build-a\outputs\egg-tray-counter\datasets\roboflow_auto_original\valid\images\WhatsApp-Video-2026-07-03-at-12_04_04-PM_mp4-0024_jpg.rf.79daad203d59fb05b30dcab38876bdcf.jpg,fc31b5da0c395f550cde64042b1a59b9c9600b592e029dc153fcb1653a761903,332303c383676312,11,roboflow_auto,
9d0b24d779e80cbbad2d,valid,cloud,C:\Users\dharani\Documents\Codex\2026-08-20\roboflow-plugin-roboflow-roboflow-build-a\outputs\egg-tray-counter\datasets\roboflow_auto_original\valid\images\WhatsApp-Video-2026-07-03-at-12_04_04-PM_mp4-0028_jpg.rf.19acc094107ba750a2cbf613bce8115c.jpg,9d0b24d779e80cbbad2de81bcb3dfe4b96899cbdeb7b8d626f1615b4c9f6937f,1f96b198080c0dd9,2,roboflow_auto,
4ca5161426ab6a8dfa4a,test,cloud,C:\Users\dharani\Documents\Codex\2026-08-20\roboflow-plugin-roboflow-roboflow-build-a\outputs\egg-tray-counter\datasets\roboflow_auto_original\test\images\WhatsApp-Image-2026-07-03-at-12-00-57-PM_jpeg.rf.2a4e486fe4e2c2043c0eda481c9fccec.jpg,4ca5161426ab6a8dfa4a94de6e7004ede4320dd0569977b481b08721fc249bc8,20c01c352da3860c,0,roboflow_auto,
35c45766a260ff49cc4a,test,cloud,C:\Users\dharani\Documents\Codex\2026-08-20\roboflow-plugin-roboflow-roboflow-build-a\outputs\egg-tray-counter\datasets\roboflow_auto_original\test\images\WhatsApp-Image-2026-07-03-at-12-00-58-PM_jpeg.rf.35ce8168ddb6c352332b273f5f9861df.jpg,35c45766a260ff49cc4a1ccd8c77e45709f5fc115cf80de6d28c39be1e547c64,0ac61b194c4a4203,0,roboflow_auto,
927321c29a7dd6148734,test,cloud,C:\Users\dharani\Documents\Codex\2026-08-20\roboflow-plugin-roboflow-roboflow-build-a\outputs\egg-tray-counter\datasets\roboflow_auto_original\test\images\WhatsApp-Image-2026-07-03-at-12-01-19-PM-1-_jpeg.rf.63d1d74c24eebc1c9d82c7912dfca1f7.jpg,927321c29a7dd6148734c00dd3710dca17cf51511bdc7a6d4df25586f1073e7a,07cbf13220a0a003,1,roboflow_auto,
d3b9c36c583b721a058b,test,cloud,C:\Users\dharani\Documents\Codex\2026-08-20\roboflow-plugin-roboflow-roboflow-build-a\outputs\egg-tray-counter\datasets\roboflow_auto_original\test\images\WhatsApp-Image-2026-07-03-at-12-02-52-PM_jpeg.rf.02fa0f80934dc62c3969c3a202b4c817.jpg,d3b9c36c583b721a058bafb71935b60d5a7f9d1054fe23f38378f199ff3e3cba,c9a861037ee7c79b,32,roboflow_auto,removed_near_identical_duplicate
7981e509e40b6219f050,test,cloud,C:\Users\dharani\Documents\Codex\2026-08-20\roboflow-plugin-roboflow-roboflow-build-a\outputs\egg-tray-counter\datasets\roboflow_auto_original\test\images\WhatsApp-Video-2026-07-03-at-12_04_04-PM_mp4-0030_jpg.rf.71d657cea3dfb29712e8a82ac4fabb88.jpg,7981e509e40b6219f05028bc5e52d737ad1d60eab1faf69208577fa8eae4c95d,070fcb990918199b,0,roboflow_auto,
